-- -----------------------------------------------------
-- Data for table `cat_tipo_reporte`
-- -----------------------------------------------------
START TRANSACTION;
INSERT INTO `cat_tipo_reporte` (`id_tipo_reporte`, `concepto`, `abreviacion`, `activo`) VALUES (1, 'Materia Prima', 'MP', 1);
INSERT INTO `cat_tipo_reporte` (`id_tipo_reporte`, `concepto`, `abreviacion`, `activo`) VALUES (2, 'Producto Terminado', 'PT', 1);

COMMIT;


-- -----------------------------------------------------
-- Data for table `cat_endpoints`
-- -----------------------------------------------------
START TRANSACTION;
INSERT INTO `cat_endpoints` (`id_endpoints`, `endpoint`, `user_name`, `password`, `company_db`, `activo`, `flujo`) VALUES (1, 'https://104.36.166.38:50000/b1s/v1/', 'itc-a917dm', 'drLspA5osWapuMes1I', 'DIMENSION_PROD', 1, 1);

COMMIT;


-- -----------------------------------------------------
-- Data for table `cat_metodo`
-- -----------------------------------------------------
START TRANSACTION;
INSERT INTO `cat_metodo` (`id_metodo`, `metodo`, `flujo`, `activo`) VALUES (1, 'Login', 1, 1);
INSERT INTO `cat_metodo` (`id_metodo`, `metodo`, `flujo`, `activo`) VALUES (2, 'Items', 2, 1);
INSERT INTO `cat_metodo` (`id_metodo`, `metodo`, `flujo`, `activo`) VALUES (3, 'ItemGroups', 3, 1);
INSERT INTO `cat_metodo` (`id_metodo`, `metodo`, `flujo`, `activo`) VALUES (4, 'ProductTrees', 4, 1);
INSERT INTO `cat_metodo` (`id_metodo`, `metodo`, `flujo`, `activo`) VALUES (5, 'BusinessPartners', 5, 1);

COMMIT;


-- -----------------------------------------------------
-- Data for table `rom_endpoints_has_metodo`
-- -----------------------------------------------------
START TRANSACTION;
INSERT INTO `rom_endpoints_has_metodo` (`id_rom_endpoint_metodo`, `id_endpoints`, `id_metodo`) VALUES (1, 1, 1);
INSERT INTO `rom_endpoints_has_metodo` (`id_rom_endpoint_metodo`, `id_endpoints`, `id_metodo`) VALUES (2, 1, 2);
INSERT INTO `rom_endpoints_has_metodo` (`id_rom_endpoint_metodo`, `id_endpoints`, `id_metodo`) VALUES (3, 1, 3);
INSERT INTO `rom_endpoints_has_metodo` (`id_rom_endpoint_metodo`, `id_endpoints`, `id_metodo`) VALUES (4, 1, 4);
INSERT INTO `rom_endpoints_has_metodo` (`id_rom_endpoint_metodo`, `id_endpoints`, `id_metodo`) VALUES (5, 1, 5);

COMMIT;


-- -----------------------------------------------------
-- Data for table `cat_plantas`
-- -----------------------------------------------------
START TRANSACTION;
INSERT INTO `cat_plantas` (`id_plantas`, `concepto`, `activo`) VALUES (1, 'Dimension 116', 1);
INSERT INTO `cat_plantas` (`id_plantas`, `concepto`, `activo`) VALUES (2, 'Dimension 50', 1);
INSERT INTO `cat_plantas` (`id_plantas`, `concepto`, `activo`) VALUES (3, 'Viometale', 1);
INSERT INTO `cat_plantas` (`id_plantas`, `concepto`, `activo`) VALUES (4, 'Administracion', 1);

COMMIT;


-- -----------------------------------------------------
-- Data for table `cat_almacen`
-- -----------------------------------------------------
START TRANSACTION;
INSERT INTO `cat_almacen` (`id_almacen`, `concepto`, `codigo`, `activo`, `id_plantas`) VALUES (1, 'Materia Prima', '01', 1, 1);
INSERT INTO `cat_almacen` (`id_almacen`, `concepto`, `codigo`, `activo`, `id_plantas`) VALUES (2, 'Muestras', '02', 1, NULL);
INSERT INTO `cat_almacen` (`id_almacen`, `concepto`, `codigo`, `activo`, `id_plantas`) VALUES (3, 'Producto Terminado', '03', 1, 1);
INSERT INTO `cat_almacen` (`id_almacen`, `concepto`, `codigo`, `activo`, `id_plantas`) VALUES (4, 'Producto Descontinuado', '04', 1, NULL);
INSERT INTO `cat_almacen` (`id_almacen`, `concepto`, `codigo`, `activo`, `id_plantas`) VALUES (5, 'Devoluciones', '05', 1, NULL);
INSERT INTO `cat_almacen` (`id_almacen`, `concepto`, `codigo`, `activo`, `id_plantas`) VALUES (6, 'Reparaciones', '06', 1, NULL);
INSERT INTO `cat_almacen` (`id_almacen`, `concepto`, `codigo`, `activo`, `id_plantas`) VALUES (7, 'Dimension 50', '07', 1, 2);
INSERT INTO `cat_almacen` (`id_almacen`, `concepto`, `codigo`, `activo`, `id_plantas`) VALUES (8, 'Consumibles', '08', 1, NULL);

COMMIT;


-- -----------------------------------------------------
-- Data for table `rom_almacen_has_tipo_reporte`
-- -----------------------------------------------------
START TRANSACTION;
INSERT INTO `rom_almacen_has_tipo_reporte` (`id_almacen`, `id_tipo_reporte`) VALUES (1, 1);
INSERT INTO `rom_almacen_has_tipo_reporte` (`id_almacen`, `id_tipo_reporte`) VALUES (3, 2);
INSERT INTO `rom_almacen_has_tipo_reporte` (`id_almacen`, `id_tipo_reporte`) VALUES (7, 1);

COMMIT;


-- -----------------------------------------------------
-- Data for table `cat_roles`
-- -----------------------------------------------------
START TRANSACTION;
INSERT INTO `cat_roles` (`id_roles`, `concepto`, `activo`) VALUES (1, 'Dirección Programación', 1);
INSERT INTO `cat_roles` (`id_roles`, `concepto`, `activo`) VALUES (2, 'Dirección General', 1);
INSERT INTO `cat_roles` (`id_roles`, `concepto`, `activo`) VALUES (3, 'Dirección Comercial', 1);
INSERT INTO `cat_roles` (`id_roles`, `concepto`, `activo`) VALUES (4, 'Dirección Contable', 1);
INSERT INTO `cat_roles` (`id_roles`, `concepto`, `activo`) VALUES (5, 'Dirección Planta', 1);
INSERT INTO `cat_roles` (`id_roles`, `concepto`, `activo`) VALUES (6, 'Dirección Recursos Humanos', 1);
INSERT INTO `cat_roles` (`id_roles`, `concepto`, `activo`) VALUES (7, 'Servicio al cliente', 1);
INSERT INTO `cat_roles` (`id_roles`, `concepto`, `activo`) VALUES (8, 'Asistente RH', 1);
INSERT INTO `cat_roles` (`id_roles`, `concepto`, `activo`) VALUES (9, 'Dirección Compras', 1);
INSERT INTO `cat_roles` (`id_roles`, `concepto`, `activo`) VALUES (10, 'Ejecutivo de ventas', 1);
INSERT INTO `cat_roles` (`id_roles`, `concepto`, `activo`) VALUES (11, 'Planeación', 1);
INSERT INTO `cat_roles` (`id_roles`, `concepto`, `activo`) VALUES (12, 'Dirección Diseño e Ingeniería', 1);
INSERT INTO `cat_roles` (`id_roles`, `concepto`, `activo`) VALUES (13, 'Diseño e Ingeniería', 1);
INSERT INTO `cat_roles` (`id_roles`, `concepto`, `activo`) VALUES (14, 'Calidad', 1);
INSERT INTO `cat_roles` (`id_roles`, `concepto`, `activo`) VALUES (15, 'Contabilidad', 1);
INSERT INTO `cat_roles` (`id_roles`, `concepto`, `activo`) VALUES (16, 'Programador', 1);
INSERT INTO `cat_roles` (`id_roles`, `concepto`, `activo`) VALUES (17, 'Supervisor', 1);
INSERT INTO `cat_roles` (`id_roles`, `concepto`, `activo`) VALUES (18, 'Almacen', 1);
INSERT INTO `cat_roles` (`id_roles`, `concepto`, `activo`) VALUES (19, 'Supervisor de planta', 1);
INSERT INTO `cat_roles` (`id_roles`, `concepto`, `activo`) VALUES (20, 'Almacén - Viometale', 1);

COMMIT;


-- -----------------------------------------------------
-- Data for table `cat_departamento`
-- -----------------------------------------------------
START TRANSACTION;
INSERT INTO `cat_departamento` (`id_departamento`, `concepto`, `activo`) VALUES (1, 'Programación', 1);
INSERT INTO `cat_departamento` (`id_departamento`, `concepto`, `activo`) VALUES (2, 'Dirección General', 1);
INSERT INTO `cat_departamento` (`id_departamento`, `concepto`, `activo`) VALUES (3, 'Ventas', 1);
INSERT INTO `cat_departamento` (`id_departamento`, `concepto`, `activo`) VALUES (4, 'Contabilidad', 1);
INSERT INTO `cat_departamento` (`id_departamento`, `concepto`, `activo`) VALUES (5, 'Gerencia Planta', 1);
INSERT INTO `cat_departamento` (`id_departamento`, `concepto`, `activo`) VALUES (6, 'Recursos Humanos', 1);
INSERT INTO `cat_departamento` (`id_departamento`, `concepto`, `activo`) VALUES (7, 'Compras', 1);
INSERT INTO `cat_departamento` (`id_departamento`, `concepto`, `activo`) VALUES (8, 'Planeación y Producción', 1);
INSERT INTO `cat_departamento` (`id_departamento`, `concepto`, `activo`) VALUES (9, 'Diseño e Ingeniería', 1);
INSERT INTO `cat_departamento` (`id_departamento`, `concepto`, `activo`) VALUES (10, 'Calidad', 1);
INSERT INTO `cat_departamento` (`id_departamento`, `concepto`, `activo`) VALUES (11, 'Supervisor de Planta', 1);
INSERT INTO `cat_departamento` (`id_departamento`, `concepto`, `activo`) VALUES (12, 'Almacenista', 1);
INSERT INTO `cat_departamento` (`id_departamento`, `concepto`, `activo`) VALUES (13, 'Supervisor de Planta', 1);
INSERT INTO `cat_departamento` (`id_departamento`, `concepto`, `activo`) VALUES (14, 'Almacenista', 1);
INSERT INTO `cat_departamento` (`id_departamento`, `concepto`, `activo`) VALUES (15, 'Desarrollo', 1);

COMMIT;


-- -----------------------------------------------------
-- Data for table `ent_usuario`
-- -----------------------------------------------------
START TRANSACTION;
INSERT INTO `ent_usuario` (`id_usuario`, `nombre`, `apellidos`, `correo_electronico`, `usuario`, `contrasenia`, `id_roles`, `id_departamento`, `id_plantas`, `activo`) VALUES (1, 'Alonso', 'Montiel', 'amontiel@correo.com', 'a.montiel', '$2y$13$mEnFlUsyQsNc49/jNN4FvOWymgx7d0AeY14eX6KiseIopY564m18u', 1, 1, 1, 1);
INSERT INTO `ent_usuario` (`id_usuario`, `nombre`, `apellidos`, `correo_electronico`, `usuario`, `contrasenia`, `id_roles`, `id_departamento`, `id_plantas`, `activo`) VALUES (2, 'Luis Humberto', 'Lara', 'lhlara@violanti.com.mx', 'l.lara', '$2y$13$N0CUngPKeOoPRTDba4TPmuktDwvIf9ln1.0tA4woz3t0N89zJnryK', 1, 1, 1, 1);
INSERT INTO `ent_usuario` (`id_usuario`, `nombre`, `apellidos`, `correo_electronico`, `usuario`, `contrasenia`, `id_roles`, `id_departamento`, `id_plantas`, `activo`) VALUES (3, 'Gerardo', 'Violante', 'planeacion@violanti.com.mx', 'g.violante', '$2y$13$PUz8Bykc9p/WNjJ29NKYG.WPb7QJlAKfygfmZ3Oy360n8oQzwBzaq', 2, 2, 4, 1);
INSERT INTO `ent_usuario` (`id_usuario`, `nombre`, `apellidos`, `correo_electronico`, `usuario`, `contrasenia`, `id_roles`, `id_departamento`, `id_plantas`, `activo`) VALUES (4, 'Jezabel Karlin', 'Aguirre Reyes', 'jaguirrer@violanti.com.mx', 'j.aguirre', '$2y$13$G532yvn54ZxulIbvgUTnYOSep8Pr5XChJQZNDmjJtMkmyhIvO0/gK', 12, 9, 1, 1);
INSERT INTO `ent_usuario` (`id_usuario`, `nombre`, `apellidos`, `correo_electronico`, `usuario`, `contrasenia`, `id_roles`, `id_departamento`, `id_plantas`, `activo`) VALUES (5, 'Cesar ', 'Guzmán', 'cguzman@violanti.com.mx', 'c.guzman', '$2y$13$mGs6paAGcjXN6FAXllzA7u66nzGhWwWe52pu8aiOEOnosYlWe8INW', 6, 6, 1, 1);
INSERT INTO `ent_usuario` (`id_usuario`, `nombre`, `apellidos`, `correo_electronico`, `usuario`, `contrasenia`, `id_roles`, `id_departamento`, `id_plantas`, `activo`) VALUES (6, 'Luis', 'Esquete', 'luisesquete@violanti.com.mx', 'l.esquete', '$2y$13$8sB6dNlF2UXLRVW6nxK7pu0/B04IGMgopqRZmo9ynfepf9Y32F4IO', 3, 3, 1, 1);
INSERT INTO `ent_usuario` (`id_usuario`, `nombre`, `apellidos`, `correo_electronico`, `usuario`, `contrasenia`, `id_roles`, `id_departamento`, `id_plantas`, `activo`) VALUES (7, 'Erika', 'Mendoza', 'emendoza@violanti.com.mx', 'e.mendoza', '$2y$13$TBp5RllJH0Ipw..BajSKwe.AacGYONreFl2PNBpacvWMlIPCQh5AW', 4, 4, 4, 1);
INSERT INTO `ent_usuario` (`id_usuario`, `nombre`, `apellidos`, `correo_electronico`, `usuario`, `contrasenia`, `id_roles`, `id_departamento`, `id_plantas`, `activo`) VALUES (8, 'Edith', 'Randle', 'erandle@violanti.com.mx', 'e.randle', '$2y$13$MkFDJEu9ytQKVEaUnTvmfu.Mg7ism6tMJOL3LnBJ4C1gj3mZnVa4.', 7, 3, 1, 1);
INSERT INTO `ent_usuario` (`id_usuario`, `nombre`, `apellidos`, `correo_electronico`, `usuario`, `contrasenia`, `id_roles`, `id_departamento`, `id_plantas`, `activo`) VALUES (9, 'Ubaldo', 'Alvarez', 'ualvarez@violanti.com.mx', 'u.alvarez', '$2y$13$xI9Kc4RUnfBzSKkMxw1pQuActx57X52lCShUY9NYcE/z0nQJuILUu', 5, 5, 1, 1);

COMMIT;


-- -----------------------------------------------------
-- Data for table `sap_business_partnes`
-- -----------------------------------------------------
START TRANSACTION;
INSERT INTO `sap_business_partnes` (`id_business_partnes`, `card_code`, `card_name`, `card_foreign_name`, `contact_employee`, `f_sincronizacion`) VALUES (1, 'C00033', 'GRAND HOME SA DE CV', 'GRANDHOME', '', '');
INSERT INTO `sap_business_partnes` (`id_business_partnes`, `card_code`, `card_name`, `card_foreign_name`, `contact_employee`, `f_sincronizacion`) VALUES (2, 'C00038', 'CRUZ YAÑEZ PABLO ARTURO', 'PABLO ARTURO C', '', '');
INSERT INTO `sap_business_partnes` (`id_business_partnes`, `card_code`, `card_name`, `card_foreign_name`, `contact_employee`, `f_sincronizacion`) VALUES (3, 'C00055', 'VIOMETALE', 'VIOMETALE', '', '');
INSERT INTO `sap_business_partnes` (`id_business_partnes`, `card_code`, `card_name`, `card_foreign_name`, `contact_employee`, `f_sincronizacion`) VALUES (4, 'PF00004', 'ANGEL PEREZ GUILLERMO JERONIMO', 'ANGEL PEREZ', '', '');
INSERT INTO `sap_business_partnes` (`id_business_partnes`, `card_code`, `card_name`, `card_foreign_name`, `contact_employee`, `f_sincronizacion`) VALUES (5, 'PF00007', 'CARTOGREEN, S.A. DE C.V.', 'CARTOGREEN', '', '');
INSERT INTO `sap_business_partnes` (`id_business_partnes`, `card_code`, `card_name`, `card_foreign_name`, `contact_employee`, `f_sincronizacion`) VALUES (6, 'PF00008', 'CARTONERA EL ELEFANTE, S.A. DE C.V.', 'ELEFANTE', '', '');
INSERT INTO `sap_business_partnes` (`id_business_partnes`, `card_code`, `card_name`, `card_foreign_name`, `contact_employee`, `f_sincronizacion`) VALUES (7, 'PF00012', 'DISTRIBUIDORA DIMAS, S.A. DE C.V.', 'DIMAS', '', '');
INSERT INTO `sap_business_partnes` (`id_business_partnes`, `card_code`, `card_name`, `card_foreign_name`, `contact_employee`, `f_sincronizacion`) VALUES (8, 'PF00015', 'GALINDO ORTA JORGE', 'GALINDO', '', '');
INSERT INTO `sap_business_partnes` (`id_business_partnes`, `card_code`, `card_name`, `card_foreign_name`, `contact_employee`, `f_sincronizacion`) VALUES (9, 'PF00016', 'HERNANDEZ PEREZ ROSALINDA', 'ROSALINDA', '', '');
INSERT INTO `sap_business_partnes` (`id_business_partnes`, `card_code`, `card_name`, `card_foreign_name`, `contact_employee`, `f_sincronizacion`) VALUES (10, 'PF00017', 'INDUSTRIAS HERMES, S.A. DE C.V.', 'HERMES', '', '');
INSERT INTO `sap_business_partnes` (`id_business_partnes`, `card_code`, `card_name`, `card_foreign_name`, `contact_employee`, `f_sincronizacion`) VALUES (11, 'PI00100', 'COMERCIALIZADORA SHIRD', 'SHIRD', '', '');
INSERT INTO `sap_business_partnes` (`id_business_partnes`, `card_code`, `card_name`, `card_foreign_name`, `contact_employee`, `f_sincronizacion`) VALUES (12, 'PF00022', 'MATERIALES Y ACCESORIOS PARA MUEBLES S.A DE C.V', 'IN SOFA', '', '');
INSERT INTO `sap_business_partnes` (`id_business_partnes`, `card_code`, `card_name`, `card_foreign_name`, `contact_employee`, `f_sincronizacion`) VALUES (13, 'PI00090', 'TEXTILES AMABAPAR, S.A. DE C.V.', 'AMABAPAR', '', '');
INSERT INTO `sap_business_partnes` (`id_business_partnes`, `card_code`, `card_name`, `card_foreign_name`, `contact_employee`, `f_sincronizacion`) VALUES (14, 'PF00031', 'RODAMIENTOS Y HERRAMIENTAS INDUSTRIALES, S.A. DE C.V.', 'RODAMIENTOS', '', '');
INSERT INTO `sap_business_partnes` (`id_business_partnes`, `card_code`, `card_name`, `card_foreign_name`, `contact_employee`, `f_sincronizacion`) VALUES (15, 'PF00033', 'TEJIDOS ROBIN, S.A. DE C.V.', 'ROBIN', '', '');
INSERT INTO `sap_business_partnes` (`id_business_partnes`, `card_code`, `card_name`, `card_foreign_name`, `contact_employee`, `f_sincronizacion`) VALUES (16, 'PF00300', 'GNS CAPITAL, S.A. DE C.V.', 'GRUPO GENESIS', '', '');
INSERT INTO `sap_business_partnes` (`id_business_partnes`, `card_code`, `card_name`, `card_foreign_name`, `contact_employee`, `f_sincronizacion`) VALUES (17, 'PF00034', 'TEXNOTEJ, S.A. DE C.V.', 'TEXNOTEJ', '', '');
INSERT INTO `sap_business_partnes` (`id_business_partnes`, `card_code`, `card_name`, `card_foreign_name`, `contact_employee`, `f_sincronizacion`) VALUES (18, 'PF00040', 'JUAREZ PASCUAL CELSO', 'JUAREZ', '', '');
INSERT INTO `sap_business_partnes` (`id_business_partnes`, `card_code`, `card_name`, `card_foreign_name`, `contact_employee`, `f_sincronizacion`) VALUES (19, 'PF00057', 'ACABADOS DE PAPELES SATINADOS ABSORBENTES S.A DE C.V', 'ACABADOS', '', '');
INSERT INTO `sap_business_partnes` (`id_business_partnes`, `card_code`, `card_name`, `card_foreign_name`, `contact_employee`, `f_sincronizacion`) VALUES (20, 'PF00302', 'CERVANTES GONZALEZ ANTONIA MARGARITA', 'CASTAÑEDA CONSUMIBLES', '', '');
INSERT INTO `sap_business_partnes` (`id_business_partnes`, `card_code`, `card_name`, `card_foreign_name`, `contact_employee`, `f_sincronizacion`) VALUES (21, 'PF00050', 'B&R EMPAQUE Y EMBALAJE S.A DE C.V', 'B&R', '', '');
INSERT INTO `sap_business_partnes` (`id_business_partnes`, `card_code`, `card_name`, `card_foreign_name`, `contact_employee`, `f_sincronizacion`) VALUES (22, 'PF00075', 'FEDERAL EXPRESS HOLDINGS MEXICO Y COMPAÑIA, S.N.C. DE C.V.', 'FEDEX', '', '');
INSERT INTO `sap_business_partnes` (`id_business_partnes`, `card_code`, `card_name`, `card_foreign_name`, `contact_employee`, `f_sincronizacion`) VALUES (23, 'PF00080', 'GRUPO GAOMA, S.A. DE C.V.', 'GAOMA', '', '');
INSERT INTO `sap_business_partnes` (`id_business_partnes`, `card_code`, `card_name`, `card_foreign_name`, `contact_employee`, `f_sincronizacion`) VALUES (24, 'PF00089', 'INTEGRO, COMUNICACION VISUAL, S.A. DE C.V.', 'INTEGRO', '', '');
INSERT INTO `sap_business_partnes` (`id_business_partnes`, `card_code`, `card_name`, `card_foreign_name`, `contact_employee`, `f_sincronizacion`) VALUES (25, 'PF00124', 'CLAVOS NACIONALES CN SA DE CV', 'CLAVOS', '', '');
INSERT INTO `sap_business_partnes` (`id_business_partnes`, `card_code`, `card_name`, `card_foreign_name`, `contact_employee`, `f_sincronizacion`) VALUES (26, 'PI00321', 'PUNTO PUBLICIDAD SA DE CV', 'PUNTO PUBLICIDAD', '', '');
INSERT INTO `sap_business_partnes` (`id_business_partnes`, `card_code`, `card_name`, `card_foreign_name`, `contact_employee`, `f_sincronizacion`) VALUES (27, 'PF00222', 'REDPACK SA DE CV', 'REDPACK', '', '');
INSERT INTO `sap_business_partnes` (`id_business_partnes`, `card_code`, `card_name`, `card_foreign_name`, `contact_employee`, `f_sincronizacion`) VALUES (28, 'PF00223', 'DETECNO SA DE CV', 'DETECNO', '', '');
INSERT INTO `sap_business_partnes` (`id_business_partnes`, `card_code`, `card_name`, `card_foreign_name`, `contact_employee`, `f_sincronizacion`) VALUES (29, 'PF00225', 'NACIONAL PROVEEDORA DE CORRUGADOS SA DE CV', 'NACIONAL PROVEEDORA', '', '');
INSERT INTO `sap_business_partnes` (`id_business_partnes`, `card_code`, `card_name`, `card_foreign_name`, `contact_employee`, `f_sincronizacion`) VALUES (30, 'PF00226', 'MEDINA LICEA JAIME ALBERTO', 'ALBERTO MEDINA', '', '');
INSERT INTO `sap_business_partnes` (`id_business_partnes`, `card_code`, `card_name`, `card_foreign_name`, `contact_employee`, `f_sincronizacion`) VALUES (31, 'PF00138', 'DISTRIBUIDORA MEXICANA AJ Y COMPAÑIA SA DE CV', 'DISTRIB AJ', '', '');
INSERT INTO `sap_business_partnes` (`id_business_partnes`, `card_code`, `card_name`, `card_foreign_name`, `contact_employee`, `f_sincronizacion`) VALUES (32, 'PF00229', 'CORTES DE CARTÓN LUBER SA DE CV', 'LUBER', '', '');
INSERT INTO `sap_business_partnes` (`id_business_partnes`, `card_code`, `card_name`, `card_foreign_name`, `contact_employee`, `f_sincronizacion`) VALUES (33, 'PF00230', 'INDUSTRIAS CERTANIUM SA DE CV', 'CERTANIUM', '', '');
INSERT INTO `sap_business_partnes` (`id_business_partnes`, `card_code`, `card_name`, `card_foreign_name`, `contact_employee`, `f_sincronizacion`) VALUES (34, 'PI00103', 'TELEVISION INTERNACIONAL', 'BESTEL', '', '');
INSERT INTO `sap_business_partnes` (`id_business_partnes`, `card_code`, `card_name`, `card_foreign_name`, `contact_employee`, `f_sincronizacion`) VALUES (35, 'PF00232', 'TABLEROS ECOLOGICO S DE RL DE CV', 'ECOTAB', '', '');
INSERT INTO `sap_business_partnes` (`id_business_partnes`, `card_code`, `card_name`, `card_foreign_name`, `contact_employee`, `f_sincronizacion`) VALUES (36, 'PF00234', 'VAZQUEZ CRUZ LISSSETE JACQUELINE', 'COMERCIALIZADORA', '', '');
INSERT INTO `sap_business_partnes` (`id_business_partnes`, `card_code`, `card_name`, `card_foreign_name`, `contact_employee`, `f_sincronizacion`) VALUES (37, 'PF00235', 'VELEZ SANCHEZ MARIO ALBERTO', 'GRAFISO', '', '');
INSERT INTO `sap_business_partnes` (`id_business_partnes`, `card_code`, `card_name`, `card_foreign_name`, `contact_employee`, `f_sincronizacion`) VALUES (38, 'PF00236', 'DIAZ OTERO MARIA DEL CARMEN', 'DIAZ OTERO', '', '');
INSERT INTO `sap_business_partnes` (`id_business_partnes`, `card_code`, `card_name`, `card_foreign_name`, `contact_employee`, `f_sincronizacion`) VALUES (39, 'PF00237', 'COLOR DIGITAL EN FLEXOGRAFIA SA DE CV', 'COLOR DIGITAL', '', '');
INSERT INTO `sap_business_partnes` (`id_business_partnes`, `card_code`, `card_name`, `card_foreign_name`, `contact_employee`, `f_sincronizacion`) VALUES (40, 'PF00238', 'INTERFACTURA S A P I DE CV', 'INTERFACTURA', '', '');
INSERT INTO `sap_business_partnes` (`id_business_partnes`, `card_code`, `card_name`, `card_foreign_name`, `contact_employee`, `f_sincronizacion`) VALUES (41, 'PF00239', 'OPERADORA DE SERVICIOS AUTOMOTRICES SPEED SA DE CV', 'SPEE SERVICE', '', '');
INSERT INTO `sap_business_partnes` (`id_business_partnes`, `card_code`, `card_name`, `card_foreign_name`, `contact_employee`, `f_sincronizacion`) VALUES (42, 'PF00240', 'GUASCH MONTERO JUAN JOSE', 'JUAN JOSE GUASCH', '', '');
INSERT INTO `sap_business_partnes` (`id_business_partnes`, `card_code`, `card_name`, `card_foreign_name`, `contact_employee`, `f_sincronizacion`) VALUES (43, 'PF00243', 'GUS PUBLICIDAD SA DE CV', 'GUS PUBLICIDAD', '', '');
INSERT INTO `sap_business_partnes` (`id_business_partnes`, `card_code`, `card_name`, `card_foreign_name`, `contact_employee`, `f_sincronizacion`) VALUES (44, 'PF00244', 'DISTRIBUIDORA DE PINTURAS Y RECUBRIMIENTOS DE MEXICO SA DE CV', 'PINTURAS', '', '');
INSERT INTO `sap_business_partnes` (`id_business_partnes`, `card_code`, `card_name`, `card_foreign_name`, `contact_employee`, `f_sincronizacion`) VALUES (45, 'PI00087', 'GRUPO GONZALEZ CONCEPT SA DE CV', 'GRUPO GONZALEZ', '', '');
INSERT INTO `sap_business_partnes` (`id_business_partnes`, `card_code`, `card_name`, `card_foreign_name`, `contact_employee`, `f_sincronizacion`) VALUES (46, 'PF00247', 'CATALAN DIAZ ANTONIO', 'ANTONIO CATALAN', '', '');
INSERT INTO `sap_business_partnes` (`id_business_partnes`, `card_code`, `card_name`, `card_foreign_name`, `contact_employee`, `f_sincronizacion`) VALUES (47, 'PF00248', 'PONCE DE LEON BENITEZ HECTOR EDUARDO', 'HECTOR PONCE', '', '');
INSERT INTO `sap_business_partnes` (`id_business_partnes`, `card_code`, `card_name`, `card_foreign_name`, `contact_employee`, `f_sincronizacion`) VALUES (48, 'PF00253', 'GRUPO MEXBEN SA DE CV', 'MEXBEN', '', '');
INSERT INTO `sap_business_partnes` (`id_business_partnes`, `card_code`, `card_name`, `card_foreign_name`, `contact_employee`, `f_sincronizacion`) VALUES (49, 'PF00251', 'RAMIREZ SUAREZ ISRAEL', 'LUXFRAN', '', '');
INSERT INTO `sap_business_partnes` (`id_business_partnes`, `card_code`, `card_name`, `card_foreign_name`, `contact_employee`, `f_sincronizacion`) VALUES (50, 'PF00252', 'EVALUACION DE ETICA  VERDAD SA DE CV', 'EVALUACION DE ETICA', '', '');
INSERT INTO `sap_business_partnes` (`id_business_partnes`, `card_code`, `card_name`, `card_foreign_name`, `contact_employee`, `f_sincronizacion`) VALUES (51, 'PF00254', 'JUVA QUIMICOS SA DE CV', 'JUVA', '', '');
INSERT INTO `sap_business_partnes` (`id_business_partnes`, `card_code`, `card_name`, `card_foreign_name`, `contact_employee`, `f_sincronizacion`) VALUES (52, 'PF00255', 'NITROPISO SA DE CV', 'NITROPISO', '', '');
INSERT INTO `sap_business_partnes` (`id_business_partnes`, `card_code`, `card_name`, `card_foreign_name`, `contact_employee`, `f_sincronizacion`) VALUES (53, 'PF00256', 'TEXTILES 33 S DE RL DE CV', 'TEXTILES 33', '', '');
INSERT INTO `sap_business_partnes` (`id_business_partnes`, `card_code`, `card_name`, `card_foreign_name`, `contact_employee`, `f_sincronizacion`) VALUES (54, 'PF00257', 'MADERAS Y TABLEROS XOCHIMILCO SA DE CV', 'MADERAS XOCHIMILCO', '', '');
INSERT INTO `sap_business_partnes` (`id_business_partnes`, `card_code`, `card_name`, `card_foreign_name`, `contact_employee`, `f_sincronizacion`) VALUES (55, 'PF00258', 'ASESORIA EN PROYECTOS DE VIDEOCONFERENCIA SA DE CV', 'ASESORIA EN PROYECTOS', '', '');
INSERT INTO `sap_business_partnes` (`id_business_partnes`, `card_code`, `card_name`, `card_foreign_name`, `contact_employee`, `f_sincronizacion`) VALUES (56, 'PF00259', 'NUÑEZ HERRERA ERIKA DINAI', 'ERIKA NUÑEZ', '', '');
INSERT INTO `sap_business_partnes` (`id_business_partnes`, `card_code`, `card_name`, `card_foreign_name`, `contact_employee`, `f_sincronizacion`) VALUES (57, 'PF00260', 'VELAZQUEZ MARTINEZ SANDRA', 'SANDRA VELAZQUEZ', '', '');
INSERT INTO `sap_business_partnes` (`id_business_partnes`, `card_code`, `card_name`, `card_foreign_name`, `contact_employee`, `f_sincronizacion`) VALUES (58, 'PF00264', 'SERVICIOS TELUM, S.A. DE C.V.', 'TELUM', '', '');
INSERT INTO `sap_business_partnes` (`id_business_partnes`, `card_code`, `card_name`, `card_foreign_name`, `contact_employee`, `f_sincronizacion`) VALUES (59, 'PF00265', 'EQUIPOS E INSUMOS INDUSTRIALES LA EUROPEA, S.A. DE C.V.', 'LA EUROPEA', '', '');
INSERT INTO `sap_business_partnes` (`id_business_partnes`, `card_code`, `card_name`, `card_foreign_name`, `contact_employee`, `f_sincronizacion`) VALUES (60, 'PF00266', 'BRAHER MIXERS DE MEXICO, S.A. DE CV', 'BRAHER MIXERS', '', '');
INSERT INTO `sap_business_partnes` (`id_business_partnes`, `card_code`, `card_name`, `card_foreign_name`, `contact_employee`, `f_sincronizacion`) VALUES (61, 'PF00267', 'LA CASA DEL TRIPLAY, S.A. DE C.V.', 'CASA TRIPLAY', '', '');
INSERT INTO `sap_business_partnes` (`id_business_partnes`, `card_code`, `card_name`, `card_foreign_name`, `contact_employee`, `f_sincronizacion`) VALUES (62, 'PF00269', 'RAMIREZ ORTEGA MAYRA ATZEL', 'MAYRA RAMIREZ', '', '');
INSERT INTO `sap_business_partnes` (`id_business_partnes`, `card_code`, `card_name`, `card_foreign_name`, `contact_employee`, `f_sincronizacion`) VALUES (63, 'PF00270', 'ELEMENTOS DE APOYO, S.C. DE R.L. DE C.V.', 'ELEMENTOS DE APOYO', '', '');
INSERT INTO `sap_business_partnes` (`id_business_partnes`, `card_code`, `card_name`, `card_foreign_name`, `contact_employee`, `f_sincronizacion`) VALUES (64, 'PF00273', 'GARCIA SALAZAR ALEJANDRA', 'ALEJANDRA GARCIA', '', '');
INSERT INTO `sap_business_partnes` (`id_business_partnes`, `card_code`, `card_name`, `card_foreign_name`, `contact_employee`, `f_sincronizacion`) VALUES (65, 'PF00274', 'COMERCIAL RAC, S.A. DE C.V', 'COMERCIAL RAC', '', '');
INSERT INTO `sap_business_partnes` (`id_business_partnes`, `card_code`, `card_name`, `card_foreign_name`, `contact_employee`, `f_sincronizacion`) VALUES (66, 'PF00275', 'COMERCIALIZADORA MUCER PACK, S.A. DE C.V.', 'MUCER PACK', '', '');
INSERT INTO `sap_business_partnes` (`id_business_partnes`, `card_code`, `card_name`, `card_foreign_name`, `contact_employee`, `f_sincronizacion`) VALUES (67, 'PF00276', 'DELL MEXICO, S.A. DE C.V.', 'DELL MEXICO', '', '');
INSERT INTO `sap_business_partnes` (`id_business_partnes`, `card_code`, `card_name`, `card_foreign_name`, `contact_employee`, `f_sincronizacion`) VALUES (68, 'PF00277', 'DESARROLLO DE SISTEMAS INFORMATICOS, S.A. DE C.V.', 'DSI', '', '');
INSERT INTO `sap_business_partnes` (`id_business_partnes`, `card_code`, `card_name`, `card_foreign_name`, `contact_employee`, `f_sincronizacion`) VALUES (69, 'PF00279', 'FERRETERIA COACALCO, S.A. DE C.V.', 'COACALCO', '', '');
INSERT INTO `sap_business_partnes` (`id_business_partnes`, `card_code`, `card_name`, `card_foreign_name`, `contact_employee`, `f_sincronizacion`) VALUES (70, 'PF00336', 'INDUSTRIAS CR-V3 DE MEXICO', 'INDUSTRIAS CR-V3', '', '');
INSERT INTO `sap_business_partnes` (`id_business_partnes`, `card_code`, `card_name`, `card_foreign_name`, `contact_employee`, `f_sincronizacion`) VALUES (71, 'PF00281', 'TARSIS LOGÍSTICA, S.A. DE C.V.', 'TARSIS', '', '');
INSERT INTO `sap_business_partnes` (`id_business_partnes`, `card_code`, `card_name`, `card_foreign_name`, `contact_employee`, `f_sincronizacion`) VALUES (72, 'PF00282', 'VEGA CONTRERAS FRANCISCO', 'FRANCISCO VEGA', '', '');
INSERT INTO `sap_business_partnes` (`id_business_partnes`, `card_code`, `card_name`, `card_foreign_name`, `contact_employee`, `f_sincronizacion`) VALUES (73, 'PF00283', 'ARRIOLA ROJAS JOSE DANIEL', 'DANIEL ARRIOLA', '', '');
INSERT INTO `sap_business_partnes` (`id_business_partnes`, `card_code`, `card_name`, `card_foreign_name`, `contact_employee`, `f_sincronizacion`) VALUES (74, 'PF00284', 'POLYAMSA, S.A. DE C.V.', 'POLY AMSS', '', '');
INSERT INTO `sap_business_partnes` (`id_business_partnes`, `card_code`, `card_name`, `card_foreign_name`, `contact_employee`, `f_sincronizacion`) VALUES (75, 'PF00285', 'REPRESENTACIONES COMERCIALES KEY, S.A. DE C.V.', 'KEY', '', '');
INSERT INTO `sap_business_partnes` (`id_business_partnes`, `card_code`, `card_name`, `card_foreign_name`, `contact_employee`, `f_sincronizacion`) VALUES (76, 'PF00286', 'INHERMA, S.A. DE C.V.', 'INHERMA', '', '');
INSERT INTO `sap_business_partnes` (`id_business_partnes`, `card_code`, `card_name`, `card_foreign_name`, `contact_employee`, `f_sincronizacion`) VALUES (77, 'PF00287', 'HERNANDEZ VAZQUEZ RICARDO', 'RICARDO', '', '');
INSERT INTO `sap_business_partnes` (`id_business_partnes`, `card_code`, `card_name`, `card_foreign_name`, `contact_employee`, `f_sincronizacion`) VALUES (78, 'PF00288', 'SISTEMAS ALEMANES PARA CORTE, S.A. DE C.V.', 'SACSA', '', '');
INSERT INTO `sap_business_partnes` (`id_business_partnes`, `card_code`, `card_name`, `card_foreign_name`, `contact_employee`, `f_sincronizacion`) VALUES (79, 'PF00018', 'INDUSTRIAS NOTESA, S.A. DE C.V.', 'NOTESA', '', '');
INSERT INTO `sap_business_partnes` (`id_business_partnes`, `card_code`, `card_name`, `card_foreign_name`, `contact_employee`, `f_sincronizacion`) VALUES (80, 'PF00290', 'TRANSPORTE EXPRESS LOPAR, S.A. DE C.V.', 'TRANSPORTE LOPAR', '', '');
INSERT INTO `sap_business_partnes` (`id_business_partnes`, `card_code`, `card_name`, `card_foreign_name`, `contact_employee`, `f_sincronizacion`) VALUES (81, 'PF00291', 'SODEQUIM, S.A. DE C.V.', 'SODEQUIM', '', '');
INSERT INTO `sap_business_partnes` (`id_business_partnes`, `card_code`, `card_name`, `card_foreign_name`, `contact_employee`, `f_sincronizacion`) VALUES (82, 'PF00292', 'MJB TABLEROS Y MADERAS, S. DE R.L. DE C.V.', 'MJB TABLEROS', '', '');
INSERT INTO `sap_business_partnes` (`id_business_partnes`, `card_code`, `card_name`, `card_foreign_name`, `contact_employee`, `f_sincronizacion`) VALUES (83, 'PF00293', 'JUAREZ AQUINO ROBERTO', 'RROBERTO JUAREZ', '', '');
INSERT INTO `sap_business_partnes` (`id_business_partnes`, `card_code`, `card_name`, `card_foreign_name`, `contact_employee`, `f_sincronizacion`) VALUES (84, 'PF00294', 'SERVICIOS FORESTALES Y AMBIENTALES CUAF SA DE CV', 'SERVICIOS FORESTALES', '', '');
INSERT INTO `sap_business_partnes` (`id_business_partnes`, `card_code`, `card_name`, `card_foreign_name`, `contact_employee`, `f_sincronizacion`) VALUES (85, 'PF00296', 'VALENZUELA MEDINA GLORIA HILDA', 'GLORIA VALENZUELA', '', '');
INSERT INTO `sap_business_partnes` (`id_business_partnes`, `card_code`, `card_name`, `card_foreign_name`, `contact_employee`, `f_sincronizacion`) VALUES (86, 'PF00297', 'CANSECO SANTIAGO PETRA MARISELA', 'MARISELA SANTIAGO', '', '');
INSERT INTO `sap_business_partnes` (`id_business_partnes`, `card_code`, `card_name`, `card_foreign_name`, `contact_employee`, `f_sincronizacion`) VALUES (87, 'PF00301', 'MADERAS AGLOMERADOS Y TRIPLAY, S. DE R.L. DE C.V.', 'MADERAS AGLOMERADOS', '', '');
INSERT INTO `sap_business_partnes` (`id_business_partnes`, `card_code`, `card_name`, `card_foreign_name`, `contact_employee`, `f_sincronizacion`) VALUES (88, 'PF00272', 'LEGGETT & PLATT RESIDENCIAL S. DE R.L. DE C.V', 'LEGGETT', '', '');
INSERT INTO `sap_business_partnes` (`id_business_partnes`, `card_code`, `card_name`, `card_foreign_name`, `contact_employee`, `f_sincronizacion`) VALUES (89, 'PF00303', 'FIBRA DE CAÑA MEXICANA, S.A. DE C.V.', 'FIBRA DE CAÑA', '', '');
INSERT INTO `sap_business_partnes` (`id_business_partnes`, `card_code`, `card_name`, `card_foreign_name`, `contact_employee`, `f_sincronizacion`) VALUES (90, 'PF00304', 'MENDEZ GALICIA MINERVA HILDA', 'MINERVA MENDEZ', '', '');
INSERT INTO `sap_business_partnes` (`id_business_partnes`, `card_code`, `card_name`, `card_foreign_name`, `contact_employee`, `f_sincronizacion`) VALUES (91, 'PF00307', 'CORRUGADOS COBESA, S.A. DE C.V.', 'COBESA', '', '');
INSERT INTO `sap_business_partnes` (`id_business_partnes`, `card_code`, `card_name`, `card_foreign_name`, `contact_employee`, `f_sincronizacion`) VALUES (92, 'PF00323', 'VILLAVICENCIO CERVANTES FRANCISCO', 'FRANCISCO VILLAVICENCIO', '', '');
INSERT INTO `sap_business_partnes` (`id_business_partnes`, `card_code`, `card_name`, `card_foreign_name`, `contact_employee`, `f_sincronizacion`) VALUES (93, 'PF00347', 'LIMPICLAISA INDUSTRIAL', 'LIMPICLAISA', '', '');
INSERT INTO `sap_business_partnes` (`id_business_partnes`, `card_code`, `card_name`, `card_foreign_name`, `contact_employee`, `f_sincronizacion`) VALUES (94, 'PF00312', 'DU PAPIER DISTRIBUIDORA PAPELERA SA DE CV', 'DU PAPIER', '', '');
INSERT INTO `sap_business_partnes` (`id_business_partnes`, `card_code`, `card_name`, `card_foreign_name`, `contact_employee`, `f_sincronizacion`) VALUES (95, 'PF00315', 'AUTOTRANSPORTES AVENDAÑO MORALES, S.A. DE C.V.', 'TRANSPORTES AVENDAÑO', '', '');
INSERT INTO `sap_business_partnes` (`id_business_partnes`, `card_code`, `card_name`, `card_foreign_name`, `contact_employee`, `f_sincronizacion`) VALUES (96, 'PF00316', 'TROY-CO, SA DE CV', 'TROY-CO', '', '');
INSERT INTO `sap_business_partnes` (`id_business_partnes`, `card_code`, `card_name`, `card_foreign_name`, `contact_employee`, `f_sincronizacion`) VALUES (97, 'PF00318', 'ARGUELLES GOMEZ DANIA', 'DANIA ARGUELLEZ', '', '');
INSERT INTO `sap_business_partnes` (`id_business_partnes`, `card_code`, `card_name`, `card_foreign_name`, `contact_employee`, `f_sincronizacion`) VALUES (98, 'PF00319', 'VELTY, S.A. DE C.V.', 'VELTY', '', '');
INSERT INTO `sap_business_partnes` (`id_business_partnes`, `card_code`, `card_name`, `card_foreign_name`, `contact_employee`, `f_sincronizacion`) VALUES (99, 'PF00322', 'FABRICA DE CAMISAS FERRUCHE SA DE CV', 'FERRUCHE', '', '');
INSERT INTO `sap_business_partnes` (`id_business_partnes`, `card_code`, `card_name`, `card_foreign_name`, `contact_employee`, `f_sincronizacion`) VALUES (100, 'PF00325', 'SUMINISTROS MAGNETICOS EN GENERAL, S.A. DE C.V.', 'SUMINISTROS MAGNETICOS', '', '');
INSERT INTO `sap_business_partnes` (`id_business_partnes`, `card_code`, `card_name`, `card_foreign_name`, `contact_employee`, `f_sincronizacion`) VALUES (101, 'PF00326', 'AQUINO CIENFUEGOS GREGORIO', 'GREGORIO AQUINO', '', '');
INSERT INTO `sap_business_partnes` (`id_business_partnes`, `card_code`, `card_name`, `card_foreign_name`, `contact_employee`, `f_sincronizacion`) VALUES (102, 'PF00329', 'LOPEZ GARCIA ELEAZAR', 'ELEAZA LOPEZ', '', '');
INSERT INTO `sap_business_partnes` (`id_business_partnes`, `card_code`, `card_name`, `card_foreign_name`, `contact_employee`, `f_sincronizacion`) VALUES (103, 'PF00051', 'CORONEL CELIS ALEJANDRA', 'CORONEL', '', '');
INSERT INTO `sap_business_partnes` (`id_business_partnes`, `card_code`, `card_name`, `card_foreign_name`, `contact_employee`, `f_sincronizacion`) VALUES (104, 'PF00331', 'FERRETERIA XALOSTOC', 'FERRETERIA XALOSTOC', '', '');
INSERT INTO `sap_business_partnes` (`id_business_partnes`, `card_code`, `card_name`, `card_foreign_name`, `contact_employee`, `f_sincronizacion`) VALUES (105, 'PF00348', 'COMERCIO Y DISTRIBUCION CATEX', 'CATEX', '', '');
INSERT INTO `sap_business_partnes` (`id_business_partnes`, `card_code`, `card_name`, `card_foreign_name`, `contact_employee`, `f_sincronizacion`) VALUES (106, 'PF00333', 'ABAD BALDERAS MARCO ANTONIO', 'MARCO ABAD', '', '');
INSERT INTO `sap_business_partnes` (`id_business_partnes`, `card_code`, `card_name`, `card_foreign_name`, `contact_employee`, `f_sincronizacion`) VALUES (107, 'PF00334', 'INGENIERIA EN BASCULAS', 'INGENIERIA EN BASCULAS', '', '');
INSERT INTO `sap_business_partnes` (`id_business_partnes`, `card_code`, `card_name`, `card_foreign_name`, `contact_employee`, `f_sincronizacion`) VALUES (108, 'PF00338', 'LA CUNA ENCANTADA', 'LA CUNA ENCANTADA', '', '');
INSERT INTO `sap_business_partnes` (`id_business_partnes`, `card_code`, `card_name`, `card_foreign_name`, `contact_employee`, `f_sincronizacion`) VALUES (109, 'PF00340', 'ORTIZ POPOCA ANTONIO AGUSTIN', 'ANTONIO ORTIZ', '', '');
INSERT INTO `sap_business_partnes` (`id_business_partnes`, `card_code`, `card_name`, `card_foreign_name`, `contact_employee`, `f_sincronizacion`) VALUES (110, 'PI00075', 'DISTRIBUIDORA DE TEXTILES Y MAQUILA EL OLIMPO, S.A. DE C.V', 'EL OLIMPO', '', '');
INSERT INTO `sap_business_partnes` (`id_business_partnes`, `card_code`, `card_name`, `card_foreign_name`, `contact_employee`, `f_sincronizacion`) VALUES (111, 'PF00346', 'AIRE COMPRIMIDO & ALGO MAS', 'ATLAS COPCO', '', '');
INSERT INTO `sap_business_partnes` (`id_business_partnes`, `card_code`, `card_name`, `card_foreign_name`, `contact_employee`, `f_sincronizacion`) VALUES (112, 'PF00157', 'PROPIMEX', 'PROPIMEX', '', '');
INSERT INTO `sap_business_partnes` (`id_business_partnes`, `card_code`, `card_name`, `card_foreign_name`, `contact_employee`, `f_sincronizacion`) VALUES (113, 'PF00349', 'VELASQUEZ BECERRIL JESUS ABEL', 'TRANSPORTES DEL SUR', '', '');
INSERT INTO `sap_business_partnes` (`id_business_partnes`, `card_code`, `card_name`, `card_foreign_name`, `contact_employee`, `f_sincronizacion`) VALUES (114, 'PF00350', 'MAQUINADOS INDUSTRIALES DE INYECCION DE PLASTICO', 'MAQUINADOS INDUSTRIALES', '', '');
INSERT INTO `sap_business_partnes` (`id_business_partnes`, `card_code`, `card_name`, `card_foreign_name`, `contact_employee`, `f_sincronizacion`) VALUES (115, 'PF00351', 'LOPEZ HERRANZ RENAN', 'HERS', '', '');
INSERT INTO `sap_business_partnes` (`id_business_partnes`, `card_code`, `card_name`, `card_foreign_name`, `contact_employee`, `f_sincronizacion`) VALUES (116, 'PF00003', 'ADELTEX, S.A DE C.V.', 'ADELTEX', '', '');
INSERT INTO `sap_business_partnes` (`id_business_partnes`, `card_code`, `card_name`, `card_foreign_name`, `contact_employee`, `f_sincronizacion`) VALUES (117, 'PF00353', 'HERNANDEZ PEREZ RUTH MARIA', 'FELTER EXTINTORES', '', '');
INSERT INTO `sap_business_partnes` (`id_business_partnes`, `card_code`, `card_name`, `card_foreign_name`, `contact_employee`, `f_sincronizacion`) VALUES (118, 'PF00077', 'GERBER TECHNOLOGY, S. DE R.L DE C.V', 'GERBER', '', '');
INSERT INTO `sap_business_partnes` (`id_business_partnes`, `card_code`, `card_name`, `card_foreign_name`, `contact_employee`, `f_sincronizacion`) VALUES (119, 'PF00310', 'TODO EN LA NUBE, S. DE R.L. DE C.V.', 'TODO EN LA NUBE', '', '');
INSERT INTO `sap_business_partnes` (`id_business_partnes`, `card_code`, `card_name`, `card_foreign_name`, `contact_employee`, `f_sincronizacion`) VALUES (120, 'PF00328', 'PROTECCION INDUSTRIAL SANTIAGO', 'PROINSA', '', '');
INSERT INTO `sap_business_partnes` (`id_business_partnes`, `card_code`, `card_name`, `card_foreign_name`, `contact_employee`, `f_sincronizacion`) VALUES (121, 'PI00055', 'EQUIPOS Y CONVERTIDORES PARA GAS L.P. FENIX S. A. DE C.V.', 'FENIX', '', '');
INSERT INTO `sap_business_partnes` (`id_business_partnes`, `card_code`, `card_name`, `card_foreign_name`, `contact_employee`, `f_sincronizacion`) VALUES (122, 'PI00057', 'VENDEMOS BIENES RAICES SA DE CV', 'AVALUOS', '', '');
INSERT INTO `sap_business_partnes` (`id_business_partnes`, `card_code`, `card_name`, `card_foreign_name`, `contact_employee`, `f_sincronizacion`) VALUES (123, 'PI00058', 'CONSTRU-HOME ARQUITECTOS E INGENIEROS SA DE CV', 'CONSTRU-HOME', '', '');
INSERT INTO `sap_business_partnes` (`id_business_partnes`, `card_code`, `card_name`, `card_foreign_name`, `contact_employee`, `f_sincronizacion`) VALUES (124, 'PI00059', 'INDUSTRIAS ARESATEC, SA DE CV', 'ARESATEC', '', '');
INSERT INTO `sap_business_partnes` (`id_business_partnes`, `card_code`, `card_name`, `card_foreign_name`, `contact_employee`, `f_sincronizacion`) VALUES (125, 'PI00060', 'COAFI SOLUCIONES, SA DE CV', 'COAFI', '', '');
INSERT INTO `sap_business_partnes` (`id_business_partnes`, `card_code`, `card_name`, `card_foreign_name`, `contact_employee`, `f_sincronizacion`) VALUES (126, 'PI00061', 'COMERCIALIZADORA ACHTLI SA DE CV', 'ACHTLI', '', '');
INSERT INTO `sap_business_partnes` (`id_business_partnes`, `card_code`, `card_name`, `card_foreign_name`, `contact_employee`, `f_sincronizacion`) VALUES (127, 'PI00062', 'COMERCIALIZADORA LOCETTE SA DE CV', 'LOCETTE', '', '');
INSERT INTO `sap_business_partnes` (`id_business_partnes`, `card_code`, `card_name`, `card_foreign_name`, `contact_employee`, `f_sincronizacion`) VALUES (128, 'PI00063', 'COMERCIALIZADORA NACIONAL INDUSTRIAL CONI SA DE CV', 'CONI', '', '');
INSERT INTO `sap_business_partnes` (`id_business_partnes`, `card_code`, `card_name`, `card_foreign_name`, `contact_employee`, `f_sincronizacion`) VALUES (129, 'PI00066', 'XA P&C S DE RL DE CV', 'XA P&C', '', '');
INSERT INTO `sap_business_partnes` (`id_business_partnes`, `card_code`, `card_name`, `card_foreign_name`, `contact_employee`, `f_sincronizacion`) VALUES (130, 'PI00067', 'COORPORATIVO INTEGRAL DE CONSTRUCCION EVOLUTIVA INACON SA DE CV', 'INACON', '', '');
INSERT INTO `sap_business_partnes` (`id_business_partnes`, `card_code`, `card_name`, `card_foreign_name`, `contact_employee`, `f_sincronizacion`) VALUES (131, 'PI00071', 'HIDALGO COLIN MAURICIO', 'PUMANET', '', '');
INSERT INTO `sap_business_partnes` (`id_business_partnes`, `card_code`, `card_name`, `card_foreign_name`, `contact_employee`, `f_sincronizacion`) VALUES (132, 'PI00074', 'COMERCIALIZADORA CURSOR, S.A. DE C.V.', 'CURSOR', '', '');
INSERT INTO `sap_business_partnes` (`id_business_partnes`, `card_code`, `card_name`, `card_foreign_name`, `contact_employee`, `f_sincronizacion`) VALUES (133, 'PF00154', 'HERNANDEZ LOPEZ ALBERTO', 'HERNANDEZ LOPE', '', '');
INSERT INTO `sap_business_partnes` (`id_business_partnes`, `card_code`, `card_name`, `card_foreign_name`, `contact_employee`, `f_sincronizacion`) VALUES (134, 'PI00077', 'FONDEMEX, S. DE R.L. DE C.V.', 'FONDEMEX', '', '');
INSERT INTO `sap_business_partnes` (`id_business_partnes`, `card_code`, `card_name`, `card_foreign_name`, `contact_employee`, `f_sincronizacion`) VALUES (135, 'PI00078', 'OPERADORA DINAMICA DEL CENTRO, S.A. DE C.V', 'OPERADORA DINAMIC', '', '');
INSERT INTO `sap_business_partnes` (`id_business_partnes`, `card_code`, `card_name`, `card_foreign_name`, `contact_employee`, `f_sincronizacion`) VALUES (136, 'PI00079', 'ALBERTO MENDEZ Y ASOCIADOS, S.C.', 'ALBERTO MENDEZ', '', '');
INSERT INTO `sap_business_partnes` (`id_business_partnes`, `card_code`, `card_name`, `card_foreign_name`, `contact_employee`, `f_sincronizacion`) VALUES (137, 'PI00083', 'VIOLANTE RODRIGUEZ DIEGO', 'DIEGO VIOLANTE', '', '');
INSERT INTO `sap_business_partnes` (`id_business_partnes`, `card_code`, `card_name`, `card_foreign_name`, `contact_employee`, `f_sincronizacion`) VALUES (138, 'PI00084', 'CONSTRUCTORA Y REMODELADORA CANTRUS SA DE CV', 'CANTRUS', '', '');
INSERT INTO `sap_business_partnes` (`id_business_partnes`, `card_code`, `card_name`, `card_foreign_name`, `contact_employee`, `f_sincronizacion`) VALUES (139, 'PI00086', 'CONTINENTAL COAPA, .S.A DE C.V.', 'KIA COAPA', '', '');
INSERT INTO `sap_business_partnes` (`id_business_partnes`, `card_code`, `card_name`, `card_foreign_name`, `contact_employee`, `f_sincronizacion`) VALUES (140, 'PF00245', 'INFRAESTRUCTURA ORIZABA SA DE CV', 'ORIZABA', '', '');
INSERT INTO `sap_business_partnes` (`id_business_partnes`, `card_code`, `card_name`, `card_foreign_name`, `contact_employee`, `f_sincronizacion`) VALUES (141, 'PF00121', 'TRENDI CARBURACION S.A DE C.V', 'TRENDI', '', '');
INSERT INTO `sap_business_partnes` (`id_business_partnes`, `card_code`, `card_name`, `card_foreign_name`, `contact_employee`, `f_sincronizacion`) VALUES (142, 'PI00091', 'ANTUANIS, S.A. DE C.V.', 'ANTUANIS', '', '');
INSERT INTO `sap_business_partnes` (`id_business_partnes`, `card_code`, `card_name`, `card_foreign_name`, `contact_employee`, `f_sincronizacion`) VALUES (143, 'PI00092', 'DAYANOR CONSTRUCCIONES, S.A. DE C.V.', 'DAYANOR', '', '');
INSERT INTO `sap_business_partnes` (`id_business_partnes`, `card_code`, `card_name`, `card_foreign_name`, `contact_employee`, `f_sincronizacion`) VALUES (144, 'PI00093', 'COMERCIALIZADORA RIMIPI, S.A. DE C.V.', 'RIMIPI', '', '');
INSERT INTO `sap_business_partnes` (`id_business_partnes`, `card_code`, `card_name`, `card_foreign_name`, `contact_employee`, `f_sincronizacion`) VALUES (145, 'PI00095', 'ETB SERVICIOS SA DE CV', 'ETB', '', '');
INSERT INTO `sap_business_partnes` (`id_business_partnes`, `card_code`, `card_name`, `card_foreign_name`, `contact_employee`, `f_sincronizacion`) VALUES (146, 'PI00097', 'UBALDO VILLALOBOS LUIS ARTURO', 'ARTURO UBALDO', '', '');
INSERT INTO `sap_business_partnes` (`id_business_partnes`, `card_code`, `card_name`, `card_foreign_name`, `contact_employee`, `f_sincronizacion`) VALUES (147, 'PI00098', 'LATAM BEYSERIN CONSULTING SA DE CV', 'RIMIPI', '', '');
INSERT INTO `sap_business_partnes` (`id_business_partnes`, `card_code`, `card_name`, `card_foreign_name`, `contact_employee`, `f_sincronizacion`) VALUES (148, 'PI00101', 'TEXTILES Y MANUFACTURAS MAVEN', 'MAVEN', '', '');
INSERT INTO `sap_business_partnes` (`id_business_partnes`, `card_code`, `card_name`, `card_foreign_name`, `contact_employee`, `f_sincronizacion`) VALUES (149, 'C00025', 'TIENDAS CHEDRAUI', 'CHEDRAUI', 'GABRIEL LARRAÑAGA ARTEAGA ', '');
INSERT INTO `sap_business_partnes` (`id_business_partnes`, `card_code`, `card_name`, `card_foreign_name`, `contact_employee`, `f_sincronizacion`) VALUES (150, 'PF00001', 'ACEGRAPAS FIFA, S.A DE C.V.', 'FIFA', '', '');
INSERT INTO `sap_business_partnes` (`id_business_partnes`, `card_code`, `card_name`, `card_foreign_name`, `contact_employee`, `f_sincronizacion`) VALUES (151, 'PI00105', 'FLORES CERRILLOS CARLOS GUADALUPE', 'CARLOS FLORES', '', '');
INSERT INTO `sap_business_partnes` (`id_business_partnes`, `card_code`, `card_name`, `card_foreign_name`, `contact_employee`, `f_sincronizacion`) VALUES (152, 'PI00106', 'FRANDEL', 'FRANDEL', '', '');
INSERT INTO `sap_business_partnes` (`id_business_partnes`, `card_code`, `card_name`, `card_foreign_name`, `contact_employee`, `f_sincronizacion`) VALUES (153, 'PI00107', 'ARRIAGA CALLEJAS GABRIEL', 'GABRIEL ARRIAGA', '', '');
INSERT INTO `sap_business_partnes` (`id_business_partnes`, `card_code`, `card_name`, `card_foreign_name`, `contact_employee`, `f_sincronizacion`) VALUES (154, 'PI00320', 'LOZANO CHAVEZ JOSE ALEJANDRO', 'JOSE LOZANO', '', '');
INSERT INTO `sap_business_partnes` (`id_business_partnes`, `card_code`, `card_name`, `card_foreign_name`, `contact_employee`, `f_sincronizacion`) VALUES (155, 'PI00104', 'MORALES CANO GUADALUPE', 'GUADALUPE MORALES', '', '');
INSERT INTO `sap_business_partnes` (`id_business_partnes`, `card_code`, `card_name`, `card_foreign_name`, `contact_employee`, `f_sincronizacion`) VALUES (156, 'PF00114', 'SAYER LACK MEXICANA, S.A. DE C.V.', 'SAYER LACK', '', '');
INSERT INTO `sap_business_partnes` (`id_business_partnes`, `card_code`, `card_name`, `card_foreign_name`, `contact_employee`, `f_sincronizacion`) VALUES (157, 'PI00088', 'EFECTIVALE, S. DE R.L. DE C.V.', 'EFECTIVALE', '', '');
INSERT INTO `sap_business_partnes` (`id_business_partnes`, `card_code`, `card_name`, `card_foreign_name`, `contact_employee`, `f_sincronizacion`) VALUES (158, 'PF00356', 'FOTO DISTRIBUIDORA VYORSA', 'VYORSA', '', '');
INSERT INTO `sap_business_partnes` (`id_business_partnes`, `card_code`, `card_name`, `card_foreign_name`, `contact_employee`, `f_sincronizacion`) VALUES (159, 'PI00085', 'ESQUIVEL SANTOS ABOGADOS, S.C.', 'ESQUIVEL SANTOS', '', '');
INSERT INTO `sap_business_partnes` (`id_business_partnes`, `card_code`, `card_name`, `card_foreign_name`, `contact_employee`, `f_sincronizacion`) VALUES (160, 'PF00354', 'DARMESA TECNOLOGIAS SA DE CV', 'DARMESA', '', '');
INSERT INTO `sap_business_partnes` (`id_business_partnes`, `card_code`, `card_name`, `card_foreign_name`, `contact_employee`, `f_sincronizacion`) VALUES (161, 'PF00039', 'DE LA TORRE GALINDO DAVID ISRAEL', 'DE LA TORRE', '', '');
INSERT INTO `sap_business_partnes` (`id_business_partnes`, `card_code`, `card_name`, `card_foreign_name`, `contact_employee`, `f_sincronizacion`) VALUES (162, 'PI00319', 'DISTRIBUCIONES INDUSTRIALES MELO', 'MELO', '', '');
INSERT INTO `sap_business_partnes` (`id_business_partnes`, `card_code`, `card_name`, `card_foreign_name`, `contact_employee`, `f_sincronizacion`) VALUES (163, 'C00049', 'COSTCO DE MEXICO', 'COSTCO', 'MACARENA BARQUERA GLEASON ', '');
INSERT INTO `sap_business_partnes` (`id_business_partnes`, `card_code`, `card_name`, `card_foreign_name`, `contact_employee`, `f_sincronizacion`) VALUES (164, 'PF00026', 'MURCAR, S.A. DE C.V.', 'MURCAR', '', '');
INSERT INTO `sap_business_partnes` (`id_business_partnes`, `card_code`, `card_name`, `card_foreign_name`, `contact_employee`, `f_sincronizacion`) VALUES (165, 'PF00030', 'RESORTES MAQUILADOS EN ACERO ESPECIAL S.A DE C.V', 'RESORTES', '', '');
INSERT INTO `sap_business_partnes` (`id_business_partnes`, `card_code`, `card_name`, `card_foreign_name`, `contact_employee`, `f_sincronizacion`) VALUES (166, 'PF00133', 'FABRICANTES TEXTILES UNIDOS S.A DE C.V', 'FABRICANTES', '', '');
INSERT INTO `sap_business_partnes` (`id_business_partnes`, `card_code`, `card_name`, `card_foreign_name`, `contact_employee`, `f_sincronizacion`) VALUES (167, 'PF00006', 'ARZATE VARGAS MARIO', 'ARZATE', '', '');
INSERT INTO `sap_business_partnes` (`id_business_partnes`, `card_code`, `card_name`, `card_foreign_name`, `contact_employee`, `f_sincronizacion`) VALUES (168, 'PF00261', 'FOUR SIDES GROUP SA DE CV', 'FOUR SIDES', '', '');
INSERT INTO `sap_business_partnes` (`id_business_partnes`, `card_code`, `card_name`, `card_foreign_name`, `contact_employee`, `f_sincronizacion`) VALUES (169, 'C00004', 'COMPAÑIA COMERCIAL CIMACO', 'CIMACO', 'GABRIEL WONG ', '');
INSERT INTO `sap_business_partnes` (`id_business_partnes`, `card_code`, `card_name`, `card_foreign_name`, `contact_employee`, `f_sincronizacion`) VALUES (170, 'PF00246', 'LB SISTEMAS, SA DE CV', 'LB SISTEMAS', '', '');
INSERT INTO `sap_business_partnes` (`id_business_partnes`, `card_code`, `card_name`, `card_foreign_name`, `contact_employee`, `f_sincronizacion`) VALUES (171, 'PF00263', 'ESPUMAS OMLUDAM SA DE CV', 'OMLUDAM', '', '');
INSERT INTO `sap_business_partnes` (`id_business_partnes`, `card_code`, `card_name`, `card_foreign_name`, `contact_employee`, `f_sincronizacion`) VALUES (172, 'PF00268', 'TWILIGHT, S.A. DE C.V.', 'TWILIGHT', '', '');
INSERT INTO `sap_business_partnes` (`id_business_partnes`, `card_code`, `card_name`, `card_foreign_name`, `contact_employee`, `f_sincronizacion`) VALUES (173, 'PF00271', 'SCM GROUP MEXICO, S.A. DE C.V.', 'SCM GROUP', '', '');
INSERT INTO `sap_business_partnes` (`id_business_partnes`, `card_code`, `card_name`, `card_foreign_name`, `contact_employee`, `f_sincronizacion`) VALUES (174, 'PF00306', 'CMI CONTROL Y MOVIMIENTO INDUSTRIAL SA DE CV', 'CMI INGENIERIA', '', '');
INSERT INTO `sap_business_partnes` (`id_business_partnes`, `card_code`, `card_name`, `card_foreign_name`, `contact_employee`, `f_sincronizacion`) VALUES (175, 'PF00360', 'MARTINEZ GARCIA JULIO CESAR', 'JULIO CESAR MARTINEZ', '', '');
INSERT INTO `sap_business_partnes` (`id_business_partnes`, `card_code`, `card_name`, `card_foreign_name`, `contact_employee`, `f_sincronizacion`) VALUES (176, 'PF00313', 'SERVICIOS CORPORATIVOS LASER SENSE, S.A. DE C.V.', 'LASER SENSE', '', '');
INSERT INTO `sap_business_partnes` (`id_business_partnes`, `card_code`, `card_name`, `card_foreign_name`, `contact_employee`, `f_sincronizacion`) VALUES (177, 'PF00321', 'GRUPO INTEGRAL DE SERVICIOS Y COMPONENTES, S.A. DE C.V', 'GRISCO SOLUTIONS', '', '');
INSERT INTO `sap_business_partnes` (`id_business_partnes`, `card_code`, `card_name`, `card_foreign_name`, `contact_employee`, `f_sincronizacion`) VALUES (178, 'PF00324', 'TECNOLOGIA Y SISTEMAS TECOM, S.A. DE C.V.', 'TECOM', '', '');
INSERT INTO `sap_business_partnes` (`id_business_partnes`, `card_code`, `card_name`, `card_foreign_name`, `contact_employee`, `f_sincronizacion`) VALUES (179, 'PF00327', 'MACOCA, S.A. DE C.V', 'MACOCA', '', '');
INSERT INTO `sap_business_partnes` (`id_business_partnes`, `card_code`, `card_name`, `card_foreign_name`, `contact_employee`, `f_sincronizacion`) VALUES (180, 'PF00289', 'MENDEZ FIGUEROA GENESIS LORENA', 'LORENA MENDEZ', '', '');
INSERT INTO `sap_business_partnes` (`id_business_partnes`, `card_code`, `card_name`, `card_foreign_name`, `contact_employee`, `f_sincronizacion`) VALUES (181, 'PI00054', 'IDEAS Y SOLUCION EN SISTEMAS DE INFORMACION, SAS DE CV', 'IDEASSI', '', '');
INSERT INTO `sap_business_partnes` (`id_business_partnes`, `card_code`, `card_name`, `card_foreign_name`, `contact_employee`, `f_sincronizacion`) VALUES (182, 'PI00056', 'BOSCH LABRA ANA LORENA', 'ALB CALIGRAFIA', '', '');
INSERT INTO `sap_business_partnes` (`id_business_partnes`, `card_code`, `card_name`, `card_foreign_name`, `contact_employee`, `f_sincronizacion`) VALUES (183, 'PF00358', 'RICALV INDUSTRIAL SA DE CV', 'RICALV', '', '');
INSERT INTO `sap_business_partnes` (`id_business_partnes`, `card_code`, `card_name`, `card_foreign_name`, `contact_employee`, `f_sincronizacion`) VALUES (184, 'PF00332', 'MARTINEZ ALVAREZ DAVID ALEJANDRO', 'COLECTIVO BORDE', '', '');
INSERT INTO `sap_business_partnes` (`id_business_partnes`, `card_code`, `card_name`, `card_foreign_name`, `contact_employee`, `f_sincronizacion`) VALUES (185, 'PI00069', 'AUTOMOVILES AVENIDA SA DE CV', 'AUT. AVENIDA', '', '');
INSERT INTO `sap_business_partnes` (`id_business_partnes`, `card_code`, `card_name`, `card_foreign_name`, `contact_employee`, `f_sincronizacion`) VALUES (186, 'PF00158', 'REYNADA GALINDO ESMIRNA', 'REYNADA', '', '');
INSERT INTO `sap_business_partnes` (`id_business_partnes`, `card_code`, `card_name`, `card_foreign_name`, `contact_employee`, `f_sincronizacion`) VALUES (187, 'PI00082', 'FGS BRIDGE SAPI DE CV', 'FGS', '', '');
INSERT INTO `sap_business_partnes` (`id_business_partnes`, `card_code`, `card_name`, `card_foreign_name`, `contact_employee`, `f_sincronizacion`) VALUES (188, 'C00051', 'MUEBLERIA VILLARREAL CABALLERO', 'VILLAREAL', '', '');
INSERT INTO `sap_business_partnes` (`id_business_partnes`, `card_code`, `card_name`, `card_foreign_name`, `contact_employee`, `f_sincronizacion`) VALUES (189, 'PF00330', 'CAJAS Y EMPAQUES DE MEXICO', 'CEMSA', '', '');
INSERT INTO `sap_business_partnes` (`id_business_partnes`, `card_code`, `card_name`, `card_foreign_name`, `contact_employee`, `f_sincronizacion`) VALUES (190, 'PF00228', 'CONCESIONARIA CENTRAL SA DE CV', 'CONCESIONARIA', '', '');
INSERT INTO `sap_business_partnes` (`id_business_partnes`, `card_code`, `card_name`, `card_foreign_name`, `contact_employee`, `f_sincronizacion`) VALUES (191, 'PF00094', 'MATA RUIZ ANGEL DE JESUS', 'MATA RUIZ', '', '');
INSERT INTO `sap_business_partnes` (`id_business_partnes`, `card_code`, `card_name`, `card_foreign_name`, `contact_employee`, `f_sincronizacion`) VALUES (192, 'PF00341', 'DICATEX', 'DICATEX', '', '');
INSERT INTO `sap_business_partnes` (`id_business_partnes`, `card_code`, `card_name`, `card_foreign_name`, `contact_employee`, `f_sincronizacion`) VALUES (193, 'PF00305', 'PS GRAFICOS, S.A. DE C.V.', 'PS GRAFICOS', '', '');
INSERT INTO `sap_business_partnes` (`id_business_partnes`, `card_code`, `card_name`, `card_foreign_name`, `contact_employee`, `f_sincronizacion`) VALUES (194, 'PF00169', 'MASTEREDI SA DE CV', 'MASTEREDI', '', '');
INSERT INTO `sap_business_partnes` (`id_business_partnes`, `card_code`, `card_name`, `card_foreign_name`, `contact_employee`, `f_sincronizacion`) VALUES (195, 'C00056', 'LA PLAZA DE LINEA BLANCA Y ELECTRONICA', 'RADA OP', 'AZUCENA RAMIREZ ', '');
INSERT INTO `sap_business_partnes` (`id_business_partnes`, `card_code`, `card_name`, `card_foreign_name`, `contact_employee`, `f_sincronizacion`) VALUES (196, 'C00007', 'PUBLICO EN GENERAL', 'TAMARINDO', 'ALEJANDRA ALONSO ', '');
INSERT INTO `sap_business_partnes` (`id_business_partnes`, `card_code`, `card_name`, `card_foreign_name`, `contact_employee`, `f_sincronizacion`) VALUES (197, 'PF00152', 'GARIN ETIQUETAS S.A DE C.V', 'GARIN', '', '');
INSERT INTO `sap_business_partnes` (`id_business_partnes`, `card_code`, `card_name`, `card_foreign_name`, `contact_employee`, `f_sincronizacion`) VALUES (198, 'C00014', 'LA PLAZA DE LINEA BLANCA Y ELECTRONICA', 'RADA', 'AZUCENA RAMIREZ ', '');
INSERT INTO `sap_business_partnes` (`id_business_partnes`, `card_code`, `card_name`, `card_foreign_name`, `contact_employee`, `f_sincronizacion`) VALUES (199, 'PF00045', 'ALFA TROQUELADOS Y FORMACIONES, S.A DE C.V.', 'ALFA', '', '');
INSERT INTO `sap_business_partnes` (`id_business_partnes`, `card_code`, `card_name`, `card_foreign_name`, `contact_employee`, `f_sincronizacion`) VALUES (200, 'PI00068', 'DE LA GRANGE MOTO ART SA DE CV', 'DE LA GRANGE', '', '');
INSERT INTO `sap_business_partnes` (`id_business_partnes`, `card_code`, `card_name`, `card_foreign_name`, `contact_employee`, `f_sincronizacion`) VALUES (201, 'PF00361', 'DISTRIBUIDORES Y FABRICANTES DE ARTICULOS ESCOLARES Y DE OFICINA', 'ORPAMEX', '', '');
INSERT INTO `sap_business_partnes` (`id_business_partnes`, `card_code`, `card_name`, `card_foreign_name`, `contact_employee`, `f_sincronizacion`) VALUES (202, 'PF00048', 'OMEGA DISTRIBUIDORA DE HILOS S.A DE C.V', 'OMEGA', '', '');
INSERT INTO `sap_business_partnes` (`id_business_partnes`, `card_code`, `card_name`, `card_foreign_name`, `contact_employee`, `f_sincronizacion`) VALUES (203, 'C00059', 'NUEVA ELEKTRA DEL MILENIO, S.A. DE C.V.', 'ELEKTRA E-COMERCE', 'CARLA ANGELICA LIMON ', '');
INSERT INTO `sap_business_partnes` (`id_business_partnes`, `card_code`, `card_name`, `card_foreign_name`, `contact_employee`, `f_sincronizacion`) VALUES (204, 'PF00317', 'SOLUCIONES LOGSA SA DE CV', 'LOGSA', '', '');
INSERT INTO `sap_business_partnes` (`id_business_partnes`, `card_code`, `card_name`, `card_foreign_name`, `contact_employee`, `f_sincronizacion`) VALUES (205, 'PF00345', 'PROVEEDORA DE OFICINAS Y DESPACHOS', 'PROVEEDORA DE OFICINAS Y DESPACHOS', '', '');
INSERT INTO `sap_business_partnes` (`id_business_partnes`, `card_code`, `card_name`, `card_foreign_name`, `contact_employee`, `f_sincronizacion`) VALUES (206, 'PF00027', 'OPERADORA DE LA INDUSTRIA DEL MUEBLE, S.A. DE C.V.', 'OIMSA', '', '');
INSERT INTO `sap_business_partnes` (`id_business_partnes`, `card_code`, `card_name`, `card_foreign_name`, `contact_employee`, `f_sincronizacion`) VALUES (207, 'PF00052', 'IRIS PRODUCTS, S.A DE C.V', 'IRIS', '', '');
INSERT INTO `sap_business_partnes` (`id_business_partnes`, `card_code`, `card_name`, `card_foreign_name`, `contact_employee`, `f_sincronizacion`) VALUES (208, 'PF00142', 'NAVARRO GARDUÑO GUADALUPE  LILIA', 'NAVARRO GARDUÑO', '', '');
INSERT INTO `sap_business_partnes` (`id_business_partnes`, `card_code`, `card_name`, `card_foreign_name`, `contact_employee`, `f_sincronizacion`) VALUES (209, 'C00001', 'ALMACENADORA LIVERPOOL S.A. DE C.V.', 'ALMLIVERPO', '', '');
INSERT INTO `sap_business_partnes` (`id_business_partnes`, `card_code`, `card_name`, `card_foreign_name`, `contact_employee`, `f_sincronizacion`) VALUES (210, 'C00002', 'BODEGAS LIVERPOOL, S.A, DE C.V', 'BODEGALIV', '', '');
INSERT INTO `sap_business_partnes` (`id_business_partnes`, `card_code`, `card_name`, `card_foreign_name`, `contact_employee`, `f_sincronizacion`) VALUES (211, 'C00003', 'TIENDAS CHAPUR', 'CHAPUR', 'MUCIO NACUD ,ANDRES COBA CASTRO ', '');
INSERT INTO `sap_business_partnes` (`id_business_partnes`, `card_code`, `card_name`, `card_foreign_name`, `contact_employee`, `f_sincronizacion`) VALUES (212, 'C00006', 'GRUPO FAMSA, S.A.B. DE C.V.', 'FAMSA', '', '');
INSERT INTO `sap_business_partnes` (`id_business_partnes`, `card_code`, `card_name`, `card_foreign_name`, `contact_employee`, `f_sincronizacion`) VALUES (213, 'C00043', 'TABOAZAS', 'DEUROPE', '', '');
INSERT INTO `sap_business_partnes` (`id_business_partnes`, `card_code`, `card_name`, `card_foreign_name`, `contact_employee`, `f_sincronizacion`) VALUES (214, 'C00010', 'MALE Y MIDOR SA DE CV', 'MOBICA', '', '');
INSERT INTO `sap_business_partnes` (`id_business_partnes`, `card_code`, `card_name`, `card_foreign_name`, `contact_employee`, `f_sincronizacion`) VALUES (215, 'C00011', 'DISEÑOS EXCLUSIVOS NASSER', 'NASSER', 'JALIDA AKABANI ', '');
INSERT INTO `sap_business_partnes` (`id_business_partnes`, `card_code`, `card_name`, `card_foreign_name`, `contact_employee`, `f_sincronizacion`) VALUES (216, 'C00012', 'OPERADORA OMX, SA DE CV', 'OFFICEMAX', '', '');
INSERT INTO `sap_business_partnes` (`id_business_partnes`, `card_code`, `card_name`, `card_foreign_name`, `contact_employee`, `f_sincronizacion`) VALUES (217, 'C00015', 'RYSE, SA DE CV', 'RYSE', '', '');
INSERT INTO `sap_business_partnes` (`id_business_partnes`, `card_code`, `card_name`, `card_foreign_name`, `contact_employee`, `f_sincronizacion`) VALUES (218, 'C00017', 'INMUEBLES JEREAGA, S.A.', 'JEREAGA', '', '');
INSERT INTO `sap_business_partnes` (`id_business_partnes`, `card_code`, `card_name`, `card_foreign_name`, `contact_employee`, `f_sincronizacion`) VALUES (219, 'C00019', 'TELAS DEL REAL SA DE CV', 'TELASREAL', '', '');
INSERT INTO `sap_business_partnes` (`id_business_partnes`, `card_code`, `card_name`, `card_foreign_name`, `contact_employee`, `f_sincronizacion`) VALUES (220, 'C00020', 'TELEBODEGA', 'TELEBODEGA', '', '');
INSERT INTO `sap_business_partnes` (`id_business_partnes`, `card_code`, `card_name`, `card_foreign_name`, `contact_employee`, `f_sincronizacion`) VALUES (221, 'C00022', 'COPPEL', 'COPPEL', '', '');
INSERT INTO `sap_business_partnes` (`id_business_partnes`, `card_code`, `card_name`, `card_foreign_name`, `contact_employee`, `f_sincronizacion`) VALUES (222, 'PF00280', 'TARIMAS GUVALO, S.A. DE C.V.', 'TARIMAS GUVALO', '', '');
INSERT INTO `sap_business_partnes` (`id_business_partnes`, `card_code`, `card_name`, `card_foreign_name`, `contact_employee`, `f_sincronizacion`) VALUES (223, 'C00027', 'SUBURBIA S.A. DE C.V.', 'SUBURBIA', '', '');
INSERT INTO `sap_business_partnes` (`id_business_partnes`, `card_code`, `card_name`, `card_foreign_name`, `contact_employee`, `f_sincronizacion`) VALUES (224, 'C00030', 'BODESA S.A.P.I DE CV', 'LAMARINA', '', '');
INSERT INTO `sap_business_partnes` (`id_business_partnes`, `card_code`, `card_name`, `card_foreign_name`, `contact_employee`, `f_sincronizacion`) VALUES (225, 'C00035', 'AUTOMOVILES AVENIDA SA DE CV', 'AUT. AVENIDA', '', '');
INSERT INTO `sap_business_partnes` (`id_business_partnes`, `card_code`, `card_name`, `card_foreign_name`, `contact_employee`, `f_sincronizacion`) VALUES (226, 'C00047', 'SEARS OPERADORA MEXICO', 'SEARSC1', '', '');
INSERT INTO `sap_business_partnes` (`id_business_partnes`, `card_code`, `card_name`, `card_foreign_name`, `contact_employee`, `f_sincronizacion`) VALUES (227, 'C00052', 'MUESTRAS ANCLA', 'MUESTRAS ANCLA', '', '');
INSERT INTO `sap_business_partnes` (`id_business_partnes`, `card_code`, `card_name`, `card_foreign_name`, `contact_employee`, `f_sincronizacion`) VALUES (228, 'C00053', 'MUESTRAS PISO', 'MUESTRAS PISO', '', '');
INSERT INTO `sap_business_partnes` (`id_business_partnes`, `card_code`, `card_name`, `card_foreign_name`, `contact_employee`, `f_sincronizacion`) VALUES (229, 'C00054', 'MUESTRAS VENTA', 'MUESTRAS VENTA', '', '');
INSERT INTO `sap_business_partnes` (`id_business_partnes`, `card_code`, `card_name`, `card_foreign_name`, `contact_employee`, `f_sincronizacion`) VALUES (230, 'PF00005', 'ANGELA PASCUAL', 'ANGELA', '', '');
INSERT INTO `sap_business_partnes` (`id_business_partnes`, `card_code`, `card_name`, `card_foreign_name`, `contact_employee`, `f_sincronizacion`) VALUES (231, 'PF00009', 'CASA DIAZ DE MAQUINAS DE COSER, S.A. DE C.V.', 'DIAZ', '', '');
INSERT INTO `sap_business_partnes` (`id_business_partnes`, `card_code`, `card_name`, `card_foreign_name`, `contact_employee`, `f_sincronizacion`) VALUES (232, 'PF00010', 'CENTRAL DE ABASTECIMIENTO MADERERO, S.A. DE C.V.', 'ABASTECIMIENTO', '', '');
INSERT INTO `sap_business_partnes` (`id_business_partnes`, `card_code`, `card_name`, `card_foreign_name`, `contact_employee`, `f_sincronizacion`) VALUES (233, 'PF00011', 'CLAVOS NACIONALES MEXICO, S.A. DE C.V.', 'CLAVOS', '', '');
INSERT INTO `sap_business_partnes` (`id_business_partnes`, `card_code`, `card_name`, `card_foreign_name`, `contact_employee`, `f_sincronizacion`) VALUES (234, 'PF00013', 'ECETERA HERRAJES, S.A. DE C.V.', 'ECETERA', '', '');
INSERT INTO `sap_business_partnes` (`id_business_partnes`, `card_code`, `card_name`, `card_foreign_name`, `contact_employee`, `f_sincronizacion`) VALUES (235, 'PF00019', 'LAMINADORA MEXICANA DE METALES, S.A. DE C.V.', 'LAMINADORA', '', '');
INSERT INTO `sap_business_partnes` (`id_business_partnes`, `card_code`, `card_name`, `card_foreign_name`, `contact_employee`, `f_sincronizacion`) VALUES (236, 'PF00021', 'MATEBA, S.A. DE C.V.', 'MATEBA', '', '');
INSERT INTO `sap_business_partnes` (`id_business_partnes`, `card_code`, `card_name`, `card_foreign_name`, `contact_employee`, `f_sincronizacion`) VALUES (237, 'PF00025', 'MUEBLES SOMIER, S.A. DE C.V.', 'SOMIER', '', '');
INSERT INTO `sap_business_partnes` (`id_business_partnes`, `card_code`, `card_name`, `card_foreign_name`, `contact_employee`, `f_sincronizacion`) VALUES (238, 'PF00032', 'TAIZHOU CHENGUANG VEHICLE CO, LTD', 'TAIZHOU', '', '');
INSERT INTO `sap_business_partnes` (`id_business_partnes`, `card_code`, `card_name`, `card_foreign_name`, `contact_employee`, `f_sincronizacion`) VALUES (239, 'PF00035', 'VIOLANTE JUAREZ VICTOR ALEJANDRO', 'VIOLANTE', '', '');
INSERT INTO `sap_business_partnes` (`id_business_partnes`, `card_code`, `card_name`, `card_foreign_name`, `contact_employee`, `f_sincronizacion`) VALUES (240, 'PF00037', 'DIMENSION EN TAPIZADO, S.A. DE CV', 'DIMENSION', '', '');
INSERT INTO `sap_business_partnes` (`id_business_partnes`, `card_code`, `card_name`, `card_foreign_name`, `contact_employee`, `f_sincronizacion`) VALUES (241, 'PF00038', 'GRUPO LORD & CO, S.A. DE C.V.', 'LORD', '', '');
INSERT INTO `sap_business_partnes` (`id_business_partnes`, `card_code`, `card_name`, `card_foreign_name`, `contact_employee`, `f_sincronizacion`) VALUES (242, 'PF00041', 'MAYEMPAG, S.A DE C.V', 'MAYEMPAG', '', '');
INSERT INTO `sap_business_partnes` (`id_business_partnes`, `card_code`, `card_name`, `card_foreign_name`, `contact_employee`, `f_sincronizacion`) VALUES (243, 'PF00047', 'PINTURAS CON IMAGINACION S.A DE C.V', 'PINTURAS', '', '');
INSERT INTO `sap_business_partnes` (`id_business_partnes`, `card_code`, `card_name`, `card_foreign_name`, `contact_employee`, `f_sincronizacion`) VALUES (244, 'PF00049', 'ESPINOSA ENRIQUEZ RIGEL JOSE', 'ESPINOZA', '', '');
INSERT INTO `sap_business_partnes` (`id_business_partnes`, `card_code`, `card_name`, `card_foreign_name`, `contact_employee`, `f_sincronizacion`) VALUES (245, 'PF00054', 'OFFSETRGV S.A DE C.V', 'OFFTSETRGV', '', '');
INSERT INTO `sap_business_partnes` (`id_business_partnes`, `card_code`, `card_name`, `card_foreign_name`, `contact_employee`, `f_sincronizacion`) VALUES (246, 'PF00055', 'IMPLEMENTOS NEUMATICOS SA DE CV', 'IMPLEMENTOS', '', '');
INSERT INTO `sap_business_partnes` (`id_business_partnes`, `card_code`, `card_name`, `card_foreign_name`, `contact_employee`, `f_sincronizacion`) VALUES (247, 'PF00056', 'ABAD ISIDORO PRIMITIVO', 'ABAD', '', '');
INSERT INTO `sap_business_partnes` (`id_business_partnes`, `card_code`, `card_name`, `card_foreign_name`, `contact_employee`, `f_sincronizacion`) VALUES (248, 'C00005', 'NUEVA ELEKTRA DEL MILENIO, S.A. DE C.V.', 'ELEKTRA', 'CARLA ANGELICA LIMON ', '');
INSERT INTO `sap_business_partnes` (`id_business_partnes`, `card_code`, `card_name`, `card_foreign_name`, `contact_employee`, `f_sincronizacion`) VALUES (249, 'PF00058', 'ACEROS LA BRECHA, S.A. DE C.V.', 'LA BRECHA', '', '');
INSERT INTO `sap_business_partnes` (`id_business_partnes`, `card_code`, `card_name`, `card_foreign_name`, `contact_employee`, `f_sincronizacion`) VALUES (250, 'PF00060', 'AGUILAR SANCHEZ JOSE ALBERTO', 'AGUILAR SANCHEZ', '', '');
INSERT INTO `sap_business_partnes` (`id_business_partnes`, `card_code`, `card_name`, `card_foreign_name`, `contact_employee`, `f_sincronizacion`) VALUES (251, 'PF00062', 'ARGUELLES BRAVO FRANCISCO', 'ARGUELLES', '', '');
INSERT INTO `sap_business_partnes` (`id_business_partnes`, `card_code`, `card_name`, `card_foreign_name`, `contact_employee`, `f_sincronizacion`) VALUES (252, 'PF00063', 'ARTES GRAFICAS EN PERIODICO, S.A. DE C.V.', 'ARTES GRAFICAS', '', '');
INSERT INTO `sap_business_partnes` (`id_business_partnes`, `card_code`, `card_name`, `card_foreign_name`, `contact_employee`, `f_sincronizacion`) VALUES (253, 'PF00064', 'AUTOTRANSPORTES PEDERNALES, S.A. DE C.V.', 'PEDERNALES', '', '');
INSERT INTO `sap_business_partnes` (`id_business_partnes`, `card_code`, `card_name`, `card_foreign_name`, `contact_employee`, `f_sincronizacion`) VALUES (254, 'PF00065', 'BAODING YONGAN  FURNITURE MATERIAL CO.,LTD', 'YONGAN', '', '');
INSERT INTO `sap_business_partnes` (`id_business_partnes`, `card_code`, `card_name`, `card_foreign_name`, `contact_employee`, `f_sincronizacion`) VALUES (255, 'PF00066', 'CARDENAS CASANOVA JUAN CARLOS', 'CASANOVA', '', '');
INSERT INTO `sap_business_partnes` (`id_business_partnes`, `card_code`, `card_name`, `card_foreign_name`, `contact_employee`, `f_sincronizacion`) VALUES (256, 'PF00068', 'COMERCIAL PAPELERA MEXICO, S.A. DE C.V.', 'PAPELERA', '', '');
INSERT INTO `sap_business_partnes` (`id_business_partnes`, `card_code`, `card_name`, `card_foreign_name`, `contact_employee`, `f_sincronizacion`) VALUES (257, 'PF00069', 'CORDOBA REYNOSO LORENA YESENIA', 'YESENIA', '', '');
INSERT INTO `sap_business_partnes` (`id_business_partnes`, `card_code`, `card_name`, `card_foreign_name`, `contact_employee`, `f_sincronizacion`) VALUES (258, 'PF00072', 'DURA QUALITY PLUS, S DE R.L. DE C.V', 'QUALITY', '', '');
INSERT INTO `sap_business_partnes` (`id_business_partnes`, `card_code`, `card_name`, `card_foreign_name`, `contact_employee`, `f_sincronizacion`) VALUES (259, 'PF00073', 'ELECTROPURA S DE RL DE C.V', 'ELECTROPURA', '', '');
INSERT INTO `sap_business_partnes` (`id_business_partnes`, `card_code`, `card_name`, `card_foreign_name`, `contact_employee`, `f_sincronizacion`) VALUES (260, 'PF00074', 'ENFOQUE ELECTRICO S.A. DE C.V.', 'ENFOQUE', '', '');
INSERT INTO `sap_business_partnes` (`id_business_partnes`, `card_code`, `card_name`, `card_foreign_name`, `contact_employee`, `f_sincronizacion`) VALUES (261, 'PF00079', 'GRUPO COLLADO S.A DE C.V', 'COLLADO', '', '');
INSERT INTO `sap_business_partnes` (`id_business_partnes`, `card_code`, `card_name`, `card_foreign_name`, `contact_employee`, `f_sincronizacion`) VALUES (262, 'PF00081', 'HERNANDEZ AGUILAR YANET', 'YANET', '', '');
INSERT INTO `sap_business_partnes` (`id_business_partnes`, `card_code`, `card_name`, `card_foreign_name`, `contact_employee`, `f_sincronizacion`) VALUES (263, 'PF00082', 'HERNANDEZ ORNELAS JAVIER', 'ORNELAS', '', '');
INSERT INTO `sap_business_partnes` (`id_business_partnes`, `card_code`, `card_name`, `card_foreign_name`, `contact_employee`, `f_sincronizacion`) VALUES (264, 'PF00083', 'HERRAMIENTAS CASA MIRANDA, S.A. DE C.V.', 'MIRANDA', '', '');
INSERT INTO `sap_business_partnes` (`id_business_partnes`, `card_code`, `card_name`, `card_foreign_name`, `contact_employee`, `f_sincronizacion`) VALUES (265, 'PF00084', 'HUAZO IMPRESORES, S.A. DE C.V.', 'HUAZO', '', '');
INSERT INTO `sap_business_partnes` (`id_business_partnes`, `card_code`, `card_name`, `card_foreign_name`, `contact_employee`, `f_sincronizacion`) VALUES (266, 'PF00087', 'INDUSTRIAL MADERERA VEGASA S,A DE C.V', 'VEGASA', '', '');
INSERT INTO `sap_business_partnes` (`id_business_partnes`, `card_code`, `card_name`, `card_foreign_name`, `contact_employee`, `f_sincronizacion`) VALUES (267, 'PF00088', 'INSURTEX, S.A. DE C.V.', 'INSURTEX', '', '');
INSERT INTO `sap_business_partnes` (`id_business_partnes`, `card_code`, `card_name`, `card_foreign_name`, `contact_employee`, `f_sincronizacion`) VALUES (268, 'PF00090', 'ISM INSTALACIONES Y SERVICIOS DE MANTENIMIENTO, S.A. DE C.V.', 'ISM', '', '');
INSERT INTO `sap_business_partnes` (`id_business_partnes`, `card_code`, `card_name`, `card_foreign_name`, `contact_employee`, `f_sincronizacion`) VALUES (269, 'PF00092', 'LEITZ MEXICO, S.A. DE C.V.', 'LEITZ', '', '');
INSERT INTO `sap_business_partnes` (`id_business_partnes`, `card_code`, `card_name`, `card_foreign_name`, `contact_employee`, `f_sincronizacion`) VALUES (270, 'PF00099', 'NAVA ROVIRA OSCAR ARMANDO', 'NAVA ROVIRA', '', '');
INSERT INTO `sap_business_partnes` (`id_business_partnes`, `card_code`, `card_name`, `card_foreign_name`, `contact_employee`, `f_sincronizacion`) VALUES (271, 'PF00102', 'NOVIDEA SISTEMAS COMPUTACIONALES, S.A. DE C.V.', 'NOVIDEA', '', '');
INSERT INTO `sap_business_partnes` (`id_business_partnes`, `card_code`, `card_name`, `card_foreign_name`, `contact_employee`, `f_sincronizacion`) VALUES (272, 'PF00103', 'PANEL ART DE ORIENTE, S.A. DE C.V.', 'PANEL ART', '', '');
INSERT INTO `sap_business_partnes` (`id_business_partnes`, `card_code`, `card_name`, `card_foreign_name`, `contact_employee`, `f_sincronizacion`) VALUES (273, 'PF00104', 'PAREDES RANGEL ANGELICA', 'PAREDES RAN', '', '');
INSERT INTO `sap_business_partnes` (`id_business_partnes`, `card_code`, `card_name`, `card_foreign_name`, `contact_employee`, `f_sincronizacion`) VALUES (274, 'PF00111', 'ROA DUQUE  FLORENTINO', 'ROA DUQUE', '', '');
INSERT INTO `sap_business_partnes` (`id_business_partnes`, `card_code`, `card_name`, `card_foreign_name`, `contact_employee`, `f_sincronizacion`) VALUES (275, 'PF00113', 'SANTIAGO FUENTES CLAUDIA', 'SANTIAGO FUEN', '', '');
INSERT INTO `sap_business_partnes` (`id_business_partnes`, `card_code`, `card_name`, `card_foreign_name`, `contact_employee`, `f_sincronizacion`) VALUES (276, 'PI00005', 'RADIOMOVIL DIPSA, S.A.DE C.V.', 'TELCEL', '', '');
INSERT INTO `sap_business_partnes` (`id_business_partnes`, `card_code`, `card_name`, `card_foreign_name`, `contact_employee`, `f_sincronizacion`) VALUES (277, 'PF00115', 'SIERRAS PARA METALES, S.A.', 'SIERRAS', '', '');
INSERT INTO `sap_business_partnes` (`id_business_partnes`, `card_code`, `card_name`, `card_foreign_name`, `contact_employee`, `f_sincronizacion`) VALUES (278, 'PF00117', 'TABLEROS Y MELAMINAS ZARAGOZA, S.A. DE C.V.', 'ZARAGOZA', '', '');
INSERT INTO `sap_business_partnes` (`id_business_partnes`, `card_code`, `card_name`, `card_foreign_name`, `contact_employee`, `f_sincronizacion`) VALUES (279, 'PF00119', 'TRANSPORTES LUCK MAITH, SA. DE C.V', 'LUCK MAITH', '', '');
INSERT INTO `sap_business_partnes` (`id_business_partnes`, `card_code`, `card_name`, `card_foreign_name`, `contact_employee`, `f_sincronizacion`) VALUES (280, 'PF00128', 'ARTELINEA, S.A. DE C.V.', 'ARTELINEA', '', '');
INSERT INTO `sap_business_partnes` (`id_business_partnes`, `card_code`, `card_name`, `card_foreign_name`, `contact_employee`, `f_sincronizacion`) VALUES (281, 'PF00122', 'TRIPLAY Y TABLEROS NACIONALES, S.A. DE C.V.', 'TRIPLAY Y TABLEROS', '', '');
INSERT INTO `sap_business_partnes` (`id_business_partnes`, `card_code`, `card_name`, `card_foreign_name`, `contact_employee`, `f_sincronizacion`) VALUES (282, 'PF00126', 'VITRACOAT PINTURAS EN POLVO, S.A DE C.V', 'VITRACOAT', '', '');
INSERT INTO `sap_business_partnes` (`id_business_partnes`, `card_code`, `card_name`, `card_foreign_name`, `contact_employee`, `f_sincronizacion`) VALUES (283, 'C00057', 'COMPAÑIA COMERCIAL CIMACO', 'CIMACO PROMOCION', 'GABRIEL WONG ', '');
INSERT INTO `sap_business_partnes` (`id_business_partnes`, `card_code`, `card_name`, `card_foreign_name`, `contact_employee`, `f_sincronizacion`) VALUES (284, 'PF00227', 'BOLSAS Y ROLLOS LA HUASTECA SA DE CV', 'BOLSAS Y ROLLOS', '', '');
INSERT INTO `sap_business_partnes` (`id_business_partnes`, `card_code`, `card_name`, `card_foreign_name`, `contact_employee`, `f_sincronizacion`) VALUES (285, 'PF00352', 'RODRIGUEZ SOLIS MARIA CANDELARIA', 'JAGUESA', '', '');
INSERT INTO `sap_business_partnes` (`id_business_partnes`, `card_code`, `card_name`, `card_foreign_name`, `contact_employee`, `f_sincronizacion`) VALUES (286, 'PF00135', 'SIMIL CUERO  PLYMOUTH, S.A. DE C.V.', 'SIMIL', '', '');
INSERT INTO `sap_business_partnes` (`id_business_partnes`, `card_code`, `card_name`, `card_foreign_name`, `contact_employee`, `f_sincronizacion`) VALUES (287, 'PF00136', 'TEJIDOS Y SUBLIMADOS DECORATIVOS, S.A. DE C.V.', 'TEJIDOS', '', '');
INSERT INTO `sap_business_partnes` (`id_business_partnes`, `card_code`, `card_name`, `card_foreign_name`, `contact_employee`, `f_sincronizacion`) VALUES (288, 'C00060', 'TIENDAS CHEDRAUI', 'CHEDRAUI PROMOCION', 'GABRIEL LARRAÑAGA ARTEAGA ', '');
INSERT INTO `sap_business_partnes` (`id_business_partnes`, `card_code`, `card_name`, `card_foreign_name`, `contact_employee`, `f_sincronizacion`) VALUES (289, 'PF00143', 'FEDEX DE MEXICO S DE RL DE CV', 'FEDEX', '', '');
INSERT INTO `sap_business_partnes` (`id_business_partnes`, `card_code`, `card_name`, `card_foreign_name`, `contact_employee`, `f_sincronizacion`) VALUES (290, 'PF00145', 'AN CORPORATIVO ALIANZA DEL NORTE SA DE CV', 'AN', '', '');
INSERT INTO `sap_business_partnes` (`id_business_partnes`, `card_code`, `card_name`, `card_foreign_name`, `contact_employee`, `f_sincronizacion`) VALUES (291, 'PF00146', 'AUTOMATIZACION INTEGRADA PARA INMUEBLES S,A DE C.V', 'AUTOMATIZACION', '', '');
INSERT INTO `sap_business_partnes` (`id_business_partnes`, `card_code`, `card_name`, `card_foreign_name`, `contact_employee`, `f_sincronizacion`) VALUES (292, 'PF00148', 'CARDENAS CASANOVA JUAN CARLOS', 'CASANOVA', '', '');
INSERT INTO `sap_business_partnes` (`id_business_partnes`, `card_code`, `card_name`, `card_foreign_name`, `contact_employee`, `f_sincronizacion`) VALUES (293, 'PF00153', 'GRUPO PROMELSA S,A DE C.V', 'PROMELSA', '', '');
INSERT INTO `sap_business_partnes` (`id_business_partnes`, `card_code`, `card_name`, `card_foreign_name`, `contact_employee`, `f_sincronizacion`) VALUES (294, 'C00058', 'NUEVA ELEKTRA DEL MILENIO, S.A. DE C.V.', 'ELEKTRA PROMOCION', 'CARLA ANGELICA LIMON ', '');
INSERT INTO `sap_business_partnes` (`id_business_partnes`, `card_code`, `card_name`, `card_foreign_name`, `contact_employee`, `f_sincronizacion`) VALUES (295, 'PF00355', 'GRUPO EL BUEN TELAR', 'EL BUEN TELAR', '', '');
INSERT INTO `sap_business_partnes` (`id_business_partnes`, `card_code`, `card_name`, `card_foreign_name`, `contact_employee`, `f_sincronizacion`) VALUES (296, 'PF00159', 'TRANSPORTADORA LAGUNERA, S.A. DE C.V.', 'LAGUNERA', '', '');
INSERT INTO `sap_business_partnes` (`id_business_partnes`, `card_code`, `card_name`, `card_foreign_name`, `contact_employee`, `f_sincronizacion`) VALUES (297, 'PF00160', 'TRANSPORTES DE CARGA DONAJI, S.A DE C.V', 'DONAJI', '', '');
INSERT INTO `sap_business_partnes` (`id_business_partnes`, `card_code`, `card_name`, `card_foreign_name`, `contact_employee`, `f_sincronizacion`) VALUES (298, 'PF00161', 'ZK PLATINUM S.A DE C.V', 'ZK', '', '');
INSERT INTO `sap_business_partnes` (`id_business_partnes`, `card_code`, `card_name`, `card_foreign_name`, `contact_employee`, `f_sincronizacion`) VALUES (299, 'PF00042', 'GARCIN ESCARTIN MIRIAM', 'GARCIN', '', '');
INSERT INTO `sap_business_partnes` (`id_business_partnes`, `card_code`, `card_name`, `card_foreign_name`, `contact_employee`, `f_sincronizacion`) VALUES (300, 'PF00164', 'DISEÑO INGENIERIA Y CONSTRUCCION LOPEZ, S.A. DE C.V.', 'LOPEZ', '', '');
INSERT INTO `sap_business_partnes` (`id_business_partnes`, `card_code`, `card_name`, `card_foreign_name`, `contact_employee`, `f_sincronizacion`) VALUES (301, 'PF00166', 'SICONT MEXICO', 'ASPEL', '', '');
INSERT INTO `sap_business_partnes` (`id_business_partnes`, `card_code`, `card_name`, `card_foreign_name`, `contact_employee`, `f_sincronizacion`) VALUES (302, 'PF00168', 'ESTRATEGIA, CALIDAD Y PRODUCTIVIDAD SC', 'ESTRATEGIA', '', '');
INSERT INTO `sap_business_partnes` (`id_business_partnes`, `card_code`, `card_name`, `card_foreign_name`, `contact_employee`, `f_sincronizacion`) VALUES (303, 'C00048', 'HOME DEPOT MEXICO', 'HOMEDEPOT', '', '');
INSERT INTO `sap_business_partnes` (`id_business_partnes`, `card_code`, `card_name`, `card_foreign_name`, `contact_employee`, `f_sincronizacion`) VALUES (304, 'PF00181', 'LLANTERA MIRAMONTES SA DE CV', 'MIRAMONTES', '', '');
INSERT INTO `sap_business_partnes` (`id_business_partnes`, `card_code`, `card_name`, `card_foreign_name`, `contact_employee`, `f_sincronizacion`) VALUES (305, 'C00018', 'MUEBLERIA STANDARD', 'STANDARD', '', '');
INSERT INTO `sap_business_partnes` (`id_business_partnes`, `card_code`, `card_name`, `card_foreign_name`, `contact_employee`, `f_sincronizacion`) VALUES (306, 'PF00201', 'DISTRIBUIDORA LIVERPOOL, S.A. DE C.V.', 'LIVERPOOL', '', '');
INSERT INTO `sap_business_partnes` (`id_business_partnes`, `card_code`, `card_name`, `card_foreign_name`, `contact_employee`, `f_sincronizacion`) VALUES (307, 'C00013', 'EL PALACIO DE HIERRO', 'PH', 'ANAYATZIN ALVAREZ ', '');
INSERT INTO `sap_business_partnes` (`id_business_partnes`, `card_code`, `card_name`, `card_foreign_name`, `contact_employee`, `f_sincronizacion`) VALUES (308, 'PF00311', 'KARBO PAPER, S.A. DE C.V.', 'KARBO', '', '');
INSERT INTO `sap_business_partnes` (`id_business_partnes`, `card_code`, `card_name`, `card_foreign_name`, `contact_employee`, `f_sincronizacion`) VALUES (309, 'PI00081', 'SEARS OPERADORA MEXICO, S.A. DE C.V.', 'SEARS', '', '');
INSERT INTO `sap_business_partnes` (`id_business_partnes`, `card_code`, `card_name`, `card_foreign_name`, `contact_employee`, `f_sincronizacion`) VALUES (310, 'C00008', 'DIMENSION EN TAPIZADO', 'PISO DE MUESTRAS', '', '');
INSERT INTO `sap_business_partnes` (`id_business_partnes`, `card_code`, `card_name`, `card_foreign_name`, `contact_employee`, `f_sincronizacion`) VALUES (311, 'C00031', 'DE LA GRANGE MOTO ART SA DE CV', 'DE LA GRANGE', '', '');
INSERT INTO `sap_business_partnes` (`id_business_partnes`, `card_code`, `card_name`, `card_foreign_name`, `contact_employee`, `f_sincronizacion`) VALUES (312, 'C00032', 'CENTRO INTEGRAL DE MEDICINA ANTIENVEJECIMIENTO SC', 'CIMA', '', '');
INSERT INTO `sap_business_partnes` (`id_business_partnes`, `card_code`, `card_name`, `card_foreign_name`, `contact_employee`, `f_sincronizacion`) VALUES (313, 'C00034', 'FOUR CES INTERNATIONAL S DE RL DE CV', 'FOURCES', '', '');
INSERT INTO `sap_business_partnes` (`id_business_partnes`, `card_code`, `card_name`, `card_foreign_name`, `contact_employee`, `f_sincronizacion`) VALUES (314, 'C00036', 'GRUPO SNUM SA DE CV', 'SAYMA', '', '');
INSERT INTO `sap_business_partnes` (`id_business_partnes`, `card_code`, `card_name`, `card_foreign_name`, `contact_employee`, `f_sincronizacion`) VALUES (315, 'C00037', 'SANATORIO GUADALUPANO DE CELAYA SA DE CV', 'HOSPGUAD', '', '');
INSERT INTO `sap_business_partnes` (`id_business_partnes`, `card_code`, `card_name`, `card_foreign_name`, `contact_employee`, `f_sincronizacion`) VALUES (316, 'C00039', 'CENTRO MUEBLERO DE URUAPAN', 'CMURUAPAN', '', '');
INSERT INTO `sap_business_partnes` (`id_business_partnes`, `card_code`, `card_name`, `card_foreign_name`, `contact_employee`, `f_sincronizacion`) VALUES (317, 'C00040', 'JAMANASHATA, S.A. DE C.V.', 'JAMANASHATA', '', '');
INSERT INTO `sap_business_partnes` (`id_business_partnes`, `card_code`, `card_name`, `card_foreign_name`, `contact_employee`, `f_sincronizacion`) VALUES (318, 'C00041', 'CORPORACION MUEBLERA TRONCOSO, S.A. DE C.V.', 'TRONCOSO', '', '');
INSERT INTO `sap_business_partnes` (`id_business_partnes`, `card_code`, `card_name`, `card_foreign_name`, `contact_employee`, `f_sincronizacion`) VALUES (319, 'C00042', 'R TORRES, S.A. DE C.V.', 'AVANTI', '', '');
INSERT INTO `sap_business_partnes` (`id_business_partnes`, `card_code`, `card_name`, `card_foreign_name`, `contact_employee`, `f_sincronizacion`) VALUES (320, 'C00045', 'MAVI DE OCCIDENTE SA DE CV', 'MAVI', '', '');
INSERT INTO `sap_business_partnes` (`id_business_partnes`, `card_code`, `card_name`, `card_foreign_name`, `contact_employee`, `f_sincronizacion`) VALUES (321, 'PF00309', 'JIMENEZ GARCIA MARIA DEL CARMEN MAYELA', 'MARIA JIMENEZ', '', '');
INSERT INTO `sap_business_partnes` (`id_business_partnes`, `card_code`, `card_name`, `card_foreign_name`, `contact_employee`, `f_sincronizacion`) VALUES (322, 'C00050', 'MUEBLES VIZCAYA DE DURANGO', 'VIZCAYA', '', '');
INSERT INTO `sap_business_partnes` (`id_business_partnes`, `card_code`, `card_name`, `card_foreign_name`, `contact_employee`, `f_sincronizacion`) VALUES (323, 'PF00218', 'ADAM MILO MEXICO', 'ADAM MILO', '', '');
INSERT INTO `sap_business_partnes` (`id_business_partnes`, `card_code`, `card_name`, `card_foreign_name`, `contact_employee`, `f_sincronizacion`) VALUES (324, 'PF00219', 'JIANGSU YULONG INTELLIGENT TECHNOLOGY CO LTD', 'JIANGSU', '', '');
INSERT INTO `sap_business_partnes` (`id_business_partnes`, `card_code`, `card_name`, `card_foreign_name`, `contact_employee`, `f_sincronizacion`) VALUES (325, 'PF00220', 'TRANSPORT ACCION SA', 'ACCION', '', '');
INSERT INTO `sap_business_partnes` (`id_business_partnes`, `card_code`, `card_name`, `card_foreign_name`, `contact_employee`, `f_sincronizacion`) VALUES (326, 'PF00224', 'CLARK OROZCO Y CIA SC', 'OROZCO', '', '');
INSERT INTO `sap_business_partnes` (`id_business_partnes`, `card_code`, `card_name`, `card_foreign_name`, `contact_employee`, `f_sincronizacion`) VALUES (327, 'PF00241', 'YAOZHENG INTERNATIONAL FREIGHT FORWARDING SERVICE CO LTD', 'YAOZHENG INTERNATIONAL FREIGHT FORWARDING SERVICE CO LTD', '', '');
INSERT INTO `sap_business_partnes` (`id_business_partnes`, `card_code`, `card_name`, `card_foreign_name`, `contact_employee`, `f_sincronizacion`) VALUES (328, 'PF00278', 'ASOCIACION MEXICANA DE ESTANDARES PARA EL COMERCIO ELECTRONICO, A.C.', 'GS1 MEXICO', '', '');
INSERT INTO `sap_business_partnes` (`id_business_partnes`, `card_code`, `card_name`, `card_foreign_name`, `contact_employee`, `f_sincronizacion`) VALUES (329, 'PF00295', 'CRUZ LOPEZ NORMA AUSENCIA', 'NORMA CRUZ', '', '');
INSERT INTO `sap_business_partnes` (`id_business_partnes`, `card_code`, `card_name`, `card_foreign_name`, `contact_employee`, `f_sincronizacion`) VALUES (330, 'PF00298', 'FIDEICOMISO AAA LIVERPOOL NAFINSA', 'FIDEICOMISO LIVERPOOL', '', '');
INSERT INTO `sap_business_partnes` (`id_business_partnes`, `card_code`, `card_name`, `card_foreign_name`, `contact_employee`, `f_sincronizacion`) VALUES (331, 'PF00299', 'ARRENDADORA Y FACTOR BANORTE, S.A. DE C.V., SOCIEDAD FINANCIERA DE OBJETO MULTIPLE, ENTIDAD REGULADA', 'ARRENDADORA Y FACTOR BANORTE', '', '');
INSERT INTO `sap_business_partnes` (`id_business_partnes`, `card_code`, `card_name`, `card_foreign_name`, `contact_employee`, `f_sincronizacion`) VALUES (332, 'PF00335', 'INDUSTRIAS ANTEX', 'ANTEX', '', '');
INSERT INTO `sap_business_partnes` (`id_business_partnes`, `card_code`, `card_name`, `card_foreign_name`, `contact_employee`, `f_sincronizacion`) VALUES (333, 'PI00064', 'ON TIME SERVICIO AUTOMOTRIZ SA DE CV', 'ON TIME', '', '');
INSERT INTO `sap_business_partnes` (`id_business_partnes`, `card_code`, `card_name`, `card_foreign_name`, `contact_employee`, `f_sincronizacion`) VALUES (334, 'PI00065', 'PICACHO GRUPO AUTOMITRIZ SA DE CV', 'PICACHO', '', '');
INSERT INTO `sap_business_partnes` (`id_business_partnes`, `card_code`, `card_name`, `card_foreign_name`, `contact_employee`, `f_sincronizacion`) VALUES (335, 'C00009', 'DISTRIBUIDORA LIVERPOOL', 'LIVERPOOL', 'REGINA VAZQUEZ LAGUNES ,LILIANA VELEZ CORRAL ', '');
INSERT INTO `sap_business_partnes` (`id_business_partnes`, `card_code`, `card_name`, `card_foreign_name`, `contact_employee`, `f_sincronizacion`) VALUES (336, 'PI00070', 'AB&C LEASING DE MEXICO SAPI DE CV', 'AB&C LEASING', '', '');
INSERT INTO `sap_business_partnes` (`id_business_partnes`, `card_code`, `card_name`, `card_foreign_name`, `contact_employee`, `f_sincronizacion`) VALUES (337, 'PI00072', 'OCRANTE MEXICO, S.A. DE C.V.', 'OCRANTE', '', '');
INSERT INTO `sap_business_partnes` (`id_business_partnes`, `card_code`, `card_name`, `card_foreign_name`, `contact_employee`, `f_sincronizacion`) VALUES (338, 'PI00080', 'FACTORING CORPORATIVO', 'FACTORTING', '', '');
INSERT INTO `sap_business_partnes` (`id_business_partnes`, `card_code`, `card_name`, `card_foreign_name`, `contact_employee`, `f_sincronizacion`) VALUES (339, 'PF00250', 'ECOLOMOVIL MEXICO S DE RL DE CV', 'ECOLOMOVIL', '', '');
INSERT INTO `sap_business_partnes` (`id_business_partnes`, `card_code`, `card_name`, `card_foreign_name`, `contact_employee`, `f_sincronizacion`) VALUES (340, 'PI00089', 'HSBC MEXICO, S.A. INSTITUCION DE BANCA MULTIPLE GRUPO FINANCIERO HSBC', 'HSBC FACTORAJE', '', '');
INSERT INTO `sap_business_partnes` (`id_business_partnes`, `card_code`, `card_name`, `card_foreign_name`, `contact_employee`, `f_sincronizacion`) VALUES (341, 'PI00094', 'BBVA SEGUROS MEXICO SA DE CV, GRUPO FINANCIERO BBVA MEXICO', 'BBVA SEGUROS', '', '');
INSERT INTO `sap_business_partnes` (`id_business_partnes`, `card_code`, `card_name`, `card_foreign_name`, `contact_employee`, `f_sincronizacion`) VALUES (342, 'PI00096', 'SCOTIABANK INVERLAT, S.A.', 'SCOTIABANK', '', '');
INSERT INTO `sap_business_partnes` (`id_business_partnes`, `card_code`, `card_name`, `card_foreign_name`, `contact_employee`, `f_sincronizacion`) VALUES (343, 'PI00099', 'BBVA MEXICO, S.A., INSTITUCION DE BANCA MULTIPLE, GRUPO FINANCIERO BBVA MEXICO', 'BBVA MEXICO', '', '');
INSERT INTO `sap_business_partnes` (`id_business_partnes`, `card_code`, `card_name`, `card_foreign_name`, `contact_employee`, `f_sincronizacion`) VALUES (344, 'C00023', 'MI QUERIDA JACARANDA', 'JACARANDA', '', '');
INSERT INTO `sap_business_partnes` (`id_business_partnes`, `card_code`, `card_name`, `card_foreign_name`, `contact_employee`, `f_sincronizacion`) VALUES (345, 'C00028', 'PRODUCTOS MANUFACTURAS Y', 'PRODUCTOS MANUFACTURAS Y', '', '');
INSERT INTO `sap_business_partnes` (`id_business_partnes`, `card_code`, `card_name`, `card_foreign_name`, `contact_employee`, `f_sincronizacion`) VALUES (346, 'C00029', 'DIAGNOCELL LABORATORIOS S.A. DE C.V.', 'DIAGNOCELL', '', '');
INSERT INTO `sap_business_partnes` (`id_business_partnes`, `card_code`, `card_name`, `card_foreign_name`, `contact_employee`, `f_sincronizacion`) VALUES (347, 'PF00014', 'ETIFLEX S. A. DE C.V', 'ETIFLEX', '', '');
INSERT INTO `sap_business_partnes` (`id_business_partnes`, `card_code`, `card_name`, `card_foreign_name`, `contact_employee`, `f_sincronizacion`) VALUES (348, 'PF00020', 'MARTICORENA MORALES JOSE', 'MARTICORENA', '', '');
INSERT INTO `sap_business_partnes` (`id_business_partnes`, `card_code`, `card_name`, `card_foreign_name`, `contact_employee`, `f_sincronizacion`) VALUES (349, 'PF00023', 'MOLINA JIMENEZ ARTURO', 'MOLINA', '', '');
INSERT INTO `sap_business_partnes` (`id_business_partnes`, `card_code`, `card_name`, `card_foreign_name`, `contact_employee`, `f_sincronizacion`) VALUES (350, 'PF00024', 'MUEBLES FYLI S.A DE C.V', 'FYLI', '', '');
INSERT INTO `sap_business_partnes` (`id_business_partnes`, `card_code`, `card_name`, `card_foreign_name`, `contact_employee`, `f_sincronizacion`) VALUES (351, 'PF00028', 'PEREZ AVILA RUBEN', 'PEREZ', '', '');
INSERT INTO `sap_business_partnes` (`id_business_partnes`, `card_code`, `card_name`, `card_foreign_name`, `contact_employee`, `f_sincronizacion`) VALUES (352, 'PF00044', 'PROVEEDORA INDUSTRIAL VILCER S.A DE C.V', 'VILCER', '', '');
INSERT INTO `sap_business_partnes` (`id_business_partnes`, `card_code`, `card_name`, `card_foreign_name`, `contact_employee`, `f_sincronizacion`) VALUES (353, 'PF00046', 'EMPACKAR ES TU SOLUCION S.A DE C.V', 'EMPACKAR', '', '');
INSERT INTO `sap_business_partnes` (`id_business_partnes`, `card_code`, `card_name`, `card_foreign_name`, `contact_employee`, `f_sincronizacion`) VALUES (354, 'PF00059', 'AGUILAR REYNA LAURA', 'AGUILAR REYNA', '', '');
INSERT INTO `sap_business_partnes` (`id_business_partnes`, `card_code`, `card_name`, `card_foreign_name`, `contact_employee`, `f_sincronizacion`) VALUES (355, 'PF00061', 'ALARCON GONZALEZ SOFIA', 'ALARCON', '', '');
INSERT INTO `sap_business_partnes` (`id_business_partnes`, `card_code`, `card_name`, `card_foreign_name`, `contact_employee`, `f_sincronizacion`) VALUES (356, 'PF00067', 'CENMAQ S.A DE C.V', 'CENMAQ', '', '');
INSERT INTO `sap_business_partnes` (`id_business_partnes`, `card_code`, `card_name`, `card_foreign_name`, `contact_employee`, `f_sincronizacion`) VALUES (357, 'PF00070', 'DIAZ BARRIOS MARGARITA', 'MARGARITA', '', '');
INSERT INTO `sap_business_partnes` (`id_business_partnes`, `card_code`, `card_name`, `card_foreign_name`, `contact_employee`, `f_sincronizacion`) VALUES (358, 'PF00071', 'DIAZ RUIZ REY DAVID', 'DAVID', '', '');
INSERT INTO `sap_business_partnes` (`id_business_partnes`, `card_code`, `card_name`, `card_foreign_name`, `contact_employee`, `f_sincronizacion`) VALUES (359, 'PF00076', 'FUENTES MEZA ROSA', 'ROSA FUENTES', '', '');
INSERT INTO `sap_business_partnes` (`id_business_partnes`, `card_code`, `card_name`, `card_foreign_name`, `contact_employee`, `f_sincronizacion`) VALUES (360, 'PF00078', 'GRANADOS ESCOBEDO GUSTAVO', 'GRANADOS', '', '');
INSERT INTO `sap_business_partnes` (`id_business_partnes`, `card_code`, `card_name`, `card_foreign_name`, `contact_employee`, `f_sincronizacion`) VALUES (361, 'PF00085', 'IBARRA BALTAZAR CARLOS', 'IBARRA', '', '');
INSERT INTO `sap_business_partnes` (`id_business_partnes`, `card_code`, `card_name`, `card_foreign_name`, `contact_employee`, `f_sincronizacion`) VALUES (362, 'PF00086', 'INDUSTRIAL ELECTRONICA DE LA LAGUNA S.A DE C.V', 'LAGUNA', '', '');
INSERT INTO `sap_business_partnes` (`id_business_partnes`, `card_code`, `card_name`, `card_foreign_name`, `contact_employee`, `f_sincronizacion`) VALUES (363, 'PF00093', 'MARTINEZ TORAL CONCEPCION', 'TORAL', '', '');
INSERT INTO `sap_business_partnes` (`id_business_partnes`, `card_code`, `card_name`, `card_foreign_name`, `contact_employee`, `f_sincronizacion`) VALUES (364, 'PF00095', 'MIRANDA DEL ROSAL MONICA KARINA', 'MIRANDA', '', '');
INSERT INTO `sap_business_partnes` (`id_business_partnes`, `card_code`, `card_name`, `card_foreign_name`, `contact_employee`, `f_sincronizacion`) VALUES (365, 'PF00096', 'MONTANTE TURCOTT BLANCA ROSA', 'MONTANTE', '', '');
INSERT INTO `sap_business_partnes` (`id_business_partnes`, `card_code`, `card_name`, `card_foreign_name`, `contact_employee`, `f_sincronizacion`) VALUES (366, 'PF00097', 'MONTE OSCURO PLYWOOD S.A DE C.V', 'MONTE OSCURO', '', '');
INSERT INTO `sap_business_partnes` (`id_business_partnes`, `card_code`, `card_name`, `card_foreign_name`, `contact_employee`, `f_sincronizacion`) VALUES (367, 'PF00098', 'MORENO ESQUIVEL MIGUEL ANGEL', 'MORENO ESQ', '', '');
INSERT INTO `sap_business_partnes` (`id_business_partnes`, `card_code`, `card_name`, `card_foreign_name`, `contact_employee`, `f_sincronizacion`) VALUES (368, 'PF00101', 'NAVARRO SANTOS ROBERTO', 'NAVARRO SAN', '', '');
INSERT INTO `sap_business_partnes` (`id_business_partnes`, `card_code`, `card_name`, `card_foreign_name`, `contact_employee`, `f_sincronizacion`) VALUES (369, 'PF00105', 'PASCUAL MONTES ANTONIO', 'PASCUAL MON', '', '');
INSERT INTO `sap_business_partnes` (`id_business_partnes`, `card_code`, `card_name`, `card_foreign_name`, `contact_employee`, `f_sincronizacion`) VALUES (370, 'PF00107', 'PROMOTORA GROCER S.A. de C.V.', 'GROCER', '', '');
INSERT INTO `sap_business_partnes` (`id_business_partnes`, `card_code`, `card_name`, `card_foreign_name`, `contact_employee`, `f_sincronizacion`) VALUES (371, 'PF00108', 'RAMIREZ TAPIA JOSE ANTONIO', 'RAMIREZ TAP', '', '');
INSERT INTO `sap_business_partnes` (`id_business_partnes`, `card_code`, `card_name`, `card_foreign_name`, `contact_employee`, `f_sincronizacion`) VALUES (372, 'PF00109', 'RECILLAS MUNGUIA ESTELA', 'RECILLAS', '', '');
INSERT INTO `sap_business_partnes` (`id_business_partnes`, `card_code`, `card_name`, `card_foreign_name`, `contact_employee`, `f_sincronizacion`) VALUES (373, 'PF00110', 'RIVERA RESILLAS ADRIANA', 'RIVERA RES', '', '');
INSERT INTO `sap_business_partnes` (`id_business_partnes`, `card_code`, `card_name`, `card_foreign_name`, `contact_employee`, `f_sincronizacion`) VALUES (374, 'PF00112', 'RUEDA GALVAN JOSE', 'RUEDA GAL', '', '');
INSERT INTO `sap_business_partnes` (`id_business_partnes`, `card_code`, `card_name`, `card_foreign_name`, `contact_employee`, `f_sincronizacion`) VALUES (375, 'PF00116', 'SOUTH TEXAS WHOLESALE PAPER S.A DE C.V', 'SOUTH TEXAS', '', '');
INSERT INTO `sap_business_partnes` (`id_business_partnes`, `card_code`, `card_name`, `card_foreign_name`, `contact_employee`, `f_sincronizacion`) VALUES (376, 'PF00118', 'TORRIJOS HERNANDEZ AGUSTIN', 'TORRIJOS', '', '');
INSERT INTO `sap_business_partnes` (`id_business_partnes`, `card_code`, `card_name`, `card_foreign_name`, `contact_employee`, `f_sincronizacion`) VALUES (377, 'PF00120', 'TRANSPORTES PYSYS S.A DE C.V', 'PYSYS', '', '');
INSERT INTO `sap_business_partnes` (`id_business_partnes`, `card_code`, `card_name`, `card_foreign_name`, `contact_employee`, `f_sincronizacion`) VALUES (378, 'PF00123', 'UNID COMUNAL FORESTAL AGRO Y DE SERV. IXTLAN DE JUARE', 'IXTLAN', '', '');
INSERT INTO `sap_business_partnes` (`id_business_partnes`, `card_code`, `card_name`, `card_foreign_name`, `contact_employee`, `f_sincronizacion`) VALUES (379, 'PF00125', 'VALLEJO SALDAÑA GUILLERMO', 'GUILLERMO', '', '');
INSERT INTO `sap_business_partnes` (`id_business_partnes`, `card_code`, `card_name`, `card_foreign_name`, `contact_employee`, `f_sincronizacion`) VALUES (380, 'PF00127', 'YEE GUAN FURNITURE MANUFACTURING SDN. BHD', 'YEE GUAN', '', '');
INSERT INTO `sap_business_partnes` (`id_business_partnes`, `card_code`, `card_name`, `card_foreign_name`, `contact_employee`, `f_sincronizacion`) VALUES (381, 'PF00129', 'CORPORACION ALLAL S.A DE C.V', 'ALLAL', '', '');
INSERT INTO `sap_business_partnes` (`id_business_partnes`, `card_code`, `card_name`, `card_foreign_name`, `contact_employee`, `f_sincronizacion`) VALUES (382, 'PF00130', 'CURIEL LOMELI JOSE MATIAS', 'CURIEL LOMEI', '', '');
INSERT INTO `sap_business_partnes` (`id_business_partnes`, `card_code`, `card_name`, `card_foreign_name`, `contact_employee`, `f_sincronizacion`) VALUES (383, 'PF00132', 'DISEÑO CASA TEXTIL S. DE R.L. DE C.V.', 'CASA TEXTIL', '', '');
INSERT INTO `sap_business_partnes` (`id_business_partnes`, `card_code`, `card_name`, `card_foreign_name`, `contact_employee`, `f_sincronizacion`) VALUES (384, 'PF00137', 'HIGH TECH SERVICE SA DE CV', 'HIGH TECH', '', '');
INSERT INTO `sap_business_partnes` (`id_business_partnes`, `card_code`, `card_name`, `card_foreign_name`, `contact_employee`, `f_sincronizacion`) VALUES (385, 'PF00139', 'COMPUEVOLUCION SA DE CV', 'COMPUEVOLUCION', '', '');
INSERT INTO `sap_business_partnes` (`id_business_partnes`, `card_code`, `card_name`, `card_foreign_name`, `contact_employee`, `f_sincronizacion`) VALUES (386, 'PF00140', 'TNR MEXICO SA DE CV', 'TNR', '', '');
INSERT INTO `sap_business_partnes` (`id_business_partnes`, `card_code`, `card_name`, `card_foreign_name`, `contact_employee`, `f_sincronizacion`) VALUES (387, 'PF00141', 'JIMENEZ BAÑOS JULIO CESAR', 'JIMENEZ BAÑOS', '', '');
INSERT INTO `sap_business_partnes` (`id_business_partnes`, `card_code`, `card_name`, `card_foreign_name`, `contact_employee`, `f_sincronizacion`) VALUES (388, 'PF00144', 'MUEBLES SOMIER SA DE CV', 'SOMIER', '', '');
INSERT INTO `sap_business_partnes` (`id_business_partnes`, `card_code`, `card_name`, `card_foreign_name`, `contact_employee`, `f_sincronizacion`) VALUES (389, 'PF00147', 'AVALOS REYES FERNANDA XIMENA', 'AVALOS', '', '');
INSERT INTO `sap_business_partnes` (`id_business_partnes`, `card_code`, `card_name`, `card_foreign_name`, `contact_employee`, `f_sincronizacion`) VALUES (390, 'PF00149', 'DISEÑO AHC S.A DE C.V', 'AHC', '', '');
INSERT INTO `sap_business_partnes` (`id_business_partnes`, `card_code`, `card_name`, `card_foreign_name`, `contact_employee`, `f_sincronizacion`) VALUES (391, 'PF00150', 'FORLAC STORE S.A DE C.V', 'ENFOQUE', '', '');
INSERT INTO `sap_business_partnes` (`id_business_partnes`, `card_code`, `card_name`, `card_foreign_name`, `contact_employee`, `f_sincronizacion`) VALUES (392, 'PF00151', 'GALINDO RAMIREZ MARIELA IVONNE', 'MARIELA', '', '');
INSERT INTO `sap_business_partnes` (`id_business_partnes`, `card_code`, `card_name`, `card_foreign_name`, `contact_employee`, `f_sincronizacion`) VALUES (393, 'PF00155', 'MULTIMARCAS TRALI  S.A DE C.V', 'TRALI', '', '');
INSERT INTO `sap_business_partnes` (`id_business_partnes`, `card_code`, `card_name`, `card_foreign_name`, `contact_employee`, `f_sincronizacion`) VALUES (394, 'PF00156', 'PILLAR MEXICANA S.A DE C.V', 'PILLAR', '', '');
INSERT INTO `sap_business_partnes` (`id_business_partnes`, `card_code`, `card_name`, `card_foreign_name`, `contact_employee`, `f_sincronizacion`) VALUES (395, 'PF00170', 'FLORES ARRIAGA ENRIQUE', 'FLORES ARRIAGA', '', '');
INSERT INTO `sap_business_partnes` (`id_business_partnes`, `card_code`, `card_name`, `card_foreign_name`, `contact_employee`, `f_sincronizacion`) VALUES (396, 'PF00171', 'C ASESORES DE MEXICO S.A DE C.V', 'C A', '', '');
INSERT INTO `sap_business_partnes` (`id_business_partnes`, `card_code`, `card_name`, `card_foreign_name`, `contact_employee`, `f_sincronizacion`) VALUES (397, 'PF00173', 'GEN INDUSTRIAL SA DE CV', 'GEN', '', '');
INSERT INTO `sap_business_partnes` (`id_business_partnes`, `card_code`, `card_name`, `card_foreign_name`, `contact_employee`, `f_sincronizacion`) VALUES (398, 'PF00174', 'BUENO REYES ADRIAN', 'ADRIAN', '', '');
INSERT INTO `sap_business_partnes` (`id_business_partnes`, `card_code`, `card_name`, `card_foreign_name`, `contact_employee`, `f_sincronizacion`) VALUES (399, 'PF00320', 'AGUILAR DIAZ JOAQUIN ALBERTO', 'JOAQUIN AGUILAR', '', '');
INSERT INTO `sap_business_partnes` (`id_business_partnes`, `card_code`, `card_name`, `card_foreign_name`, `contact_employee`, `f_sincronizacion`) VALUES (400, 'C00044', 'IMPULSORA ELIZONDO', 'ELIZONDO', '', '');
INSERT INTO `sap_business_partnes` (`id_business_partnes`, `card_code`, `card_name`, `card_foreign_name`, `contact_employee`, `f_sincronizacion`) VALUES (401, 'PF00359', 'GMKIRA DISEÑOS SA DE CV', 'GMKIRA DISEÑOS', '', '');
INSERT INTO `sap_business_partnes` (`id_business_partnes`, `card_code`, `card_name`, `card_foreign_name`, `contact_employee`, `f_sincronizacion`) VALUES (402, 'PF00091', 'KAESER COMPRESORES DE MEXICO, S. DE R.L. DE C.V.', 'KAESER', '', '');
INSERT INTO `sap_business_partnes` (`id_business_partnes`, `card_code`, `card_name`, `card_foreign_name`, `contact_employee`, `f_sincronizacion`) VALUES (403, 'PF00131', 'DECORPLAST DE MEXICO S.A. DE C.V.', 'DECORPLAST', '', '');
INSERT INTO `sap_business_partnes` (`id_business_partnes`, `card_code`, `card_name`, `card_foreign_name`, `contact_employee`, `f_sincronizacion`) VALUES (404, 'PF00106', 'PFAFF INDUSTRIAL DE MAQUINAS DE COSER, S.A. DE C.V.', 'PFAFF', '', '');
INSERT INTO `sap_business_partnes` (`id_business_partnes`, `card_code`, `card_name`, `card_foreign_name`, `contact_employee`, `f_sincronizacion`) VALUES (405, 'PF00163', 'SOLIDSERVICIOS, S.A. DE C.V.', 'SOLIDSERVICIOS', '', '');
INSERT INTO `sap_business_partnes` (`id_business_partnes`, `card_code`, `card_name`, `card_foreign_name`, `contact_employee`, `f_sincronizacion`) VALUES (406, 'PF00172', 'SERVCOMP DE MEXICO S.A DE C.V', 'SERV', '', '');
INSERT INTO `sap_business_partnes` (`id_business_partnes`, `card_code`, `card_name`, `card_foreign_name`, `contact_employee`, `f_sincronizacion`) VALUES (407, 'C00046', 'DOMUS VITA INC', 'DOMUS', '', '');
INSERT INTO `sap_business_partnes` (`id_business_partnes`, `card_code`, `card_name`, `card_foreign_name`, `contact_employee`, `f_sincronizacion`) VALUES (408, 'PF00339', 'COMMERCE TECHNOLOGIES,LLC', 'COMMERCE HUB', '', '');
INSERT INTO `sap_business_partnes` (`id_business_partnes`, `card_code`, `card_name`, `card_foreign_name`, `contact_employee`, `f_sincronizacion`) VALUES (409, 'PF00002', 'PROVEEDOR COTIZACIONES', 'PROVEEDOR COTIZACIONES', '', '');
INSERT INTO `sap_business_partnes` (`id_business_partnes`, `card_code`, `card_name`, `card_foreign_name`, `contact_employee`, `f_sincronizacion`) VALUES (410, 'C00021', 'POPUP DESIGN', 'GAIA', '', '');
INSERT INTO `sap_business_partnes` (`id_business_partnes`, `card_code`, `card_name`, `card_foreign_name`, `contact_employee`, `f_sincronizacion`) VALUES (411, 'PF00165', 'FERRETERIA RIO PISUEÑA S.A DE C.V', 'RIO PISUEÑA', '', '');
INSERT INTO `sap_business_partnes` (`id_business_partnes`, `card_code`, `card_name`, `card_foreign_name`, `contact_employee`, `f_sincronizacion`) VALUES (412, 'C00024', 'LA PLAZA DE LINEA BLANCA Y ELECTRONICA', 'CMUEBLERO', '', '');
INSERT INTO `sap_business_partnes` (`id_business_partnes`, `card_code`, `card_name`, `card_foreign_name`, `contact_employee`, `f_sincronizacion`) VALUES (413, 'PF00233', 'RJ FIBRAS Y PRODUCTOS DIVERSIFICADOS SA DE CV', 'RJ FIBRAS', '', '');
INSERT INTO `sap_business_partnes` (`id_business_partnes`, `card_code`, `card_name`, `card_foreign_name`, `contact_employee`, `f_sincronizacion`) VALUES (414, 'PF00029', 'POLIURETANOS, S.A. DE C.V.', 'POLIURETANOS', '', '');
INSERT INTO `sap_business_partnes` (`id_business_partnes`, `card_code`, `card_name`, `card_foreign_name`, `contact_employee`, `f_sincronizacion`) VALUES (415, 'PF00134', 'FORMA TEXTIL, S. DE R.L. DE C.V.', 'FORMATEX', '', '');
INSERT INTO `sap_business_partnes` (`id_business_partnes`, `card_code`, `card_name`, `card_foreign_name`, `contact_employee`, `f_sincronizacion`) VALUES (416, 'PF00231', 'ATIKATEX SA DE CV', 'ATIKATEX', '', '');
INSERT INTO `sap_business_partnes` (`id_business_partnes`, `card_code`, `card_name`, `card_foreign_name`, `contact_employee`, `f_sincronizacion`) VALUES (417, 'PF00314', 'UREBLOCK, S.A. DE C.V.', 'UREBLOCK', '', '');
INSERT INTO `sap_business_partnes` (`id_business_partnes`, `card_code`, `card_name`, `card_foreign_name`, `contact_employee`, `f_sincronizacion`) VALUES (418, 'PF00043', 'INDUSTRIALIZA. LOS BOSQUE DE PUEBL. MANCOM.S.P.R DE R', 'INDUSTRIALIZA', '', '');
INSERT INTO `sap_business_partnes` (`id_business_partnes`, `card_code`, `card_name`, `card_foreign_name`, `contact_employee`, `f_sincronizacion`) VALUES (419, 'PF00053', 'TRIPLAY ALAMEDA, S.A DE C.V', 'TRIPLAY', '', '');
INSERT INTO `sap_business_partnes` (`id_business_partnes`, `card_code`, `card_name`, `card_foreign_name`, `contact_employee`, `f_sincronizacion`) VALUES (420, 'PF00167', 'CASTILLO ACERO JAVIER', 'CASTILLO', '', '');
INSERT INTO `sap_business_partnes` (`id_business_partnes`, `card_code`, `card_name`, `card_foreign_name`, `contact_employee`, `f_sincronizacion`) VALUES (421, 'C00016', 'SEARS OPERADORA MEXICO', 'SEARS', 'LIC. ROBERTO VALVERDE ,MIGUEL ANGEL MURILLO ', '');
INSERT INTO `sap_business_partnes` (`id_business_partnes`, `card_code`, `card_name`, `card_foreign_name`, `contact_employee`, `f_sincronizacion`) VALUES (422, 'PF00036', 'VIOMETALE, S.A. DE C.V.', 'VIOMETALE', '', '');
INSERT INTO `sap_business_partnes` (`id_business_partnes`, `card_code`, `card_name`, `card_foreign_name`, `contact_employee`, `f_sincronizacion`) VALUES (423, 'PF00357', 'RODRIGUEZ MACHUCA JAIME ALEJANDRO', 'JAIME RODRIGUEZ', '', '');
INSERT INTO `sap_business_partnes` (`id_business_partnes`, `card_code`, `card_name`, `card_foreign_name`, `contact_employee`, `f_sincronizacion`) VALUES (424, 'PI00318', 'TOTAL PLAY TELECOMUNICACIONES', 'TOTAL PLAY', '', '');
INSERT INTO `sap_business_partnes` (`id_business_partnes`, `card_code`, `card_name`, `card_foreign_name`, `contact_employee`, `f_sincronizacion`) VALUES (425, 'PF00249', 'SERVICIO EMPRESARIAL E INDUSTRIAL EN CONTROL DE PLAGAS SC', 'SEICOP', '', '');

COMMIT;


-- -----------------------------------------------------
-- Data for table `cat_condicion`
-- -----------------------------------------------------
START TRANSACTION;
INSERT INTO `cat_condicion` (`id_condicion`, `concepto`, `descripcion`, `activo`) VALUES (1, 'Financiamiento', 'POR FINANCIAMIENTO', 1);
INSERT INTO `cat_condicion` (`id_condicion`, `concepto`, `descripcion`, `activo`) VALUES (2, 'Flete', 'FLETE', 1);
INSERT INTO `cat_condicion` (`id_condicion`, `concepto`, `descripcion`, `activo`) VALUES (3, 'Sell in', 'Por Sell in', 1);
INSERT INTO `cat_condicion` (`id_condicion`, `concepto`, `descripcion`, `activo`) VALUES (4, 'Logístico', 'Por logístico', 1);
INSERT INTO `cat_condicion` (`id_condicion`, `concepto`, `descripcion`, `activo`) VALUES (5, 'Portal', 'Por portal', 1);
INSERT INTO `cat_condicion` (`id_condicion`, `concepto`, `descripcion`, `activo`) VALUES (6, 'Promociones', 'Por promociones', 1);
INSERT INTO `cat_condicion` (`id_condicion`, `concepto`, `descripcion`, `activo`) VALUES (7, 'Publicidad', 'Por publicidad', 1);
INSERT INTO `cat_condicion` (`id_condicion`, `concepto`, `descripcion`, `activo`) VALUES (8, 'Aperturas', 'Por apertura', 1);
INSERT INTO `cat_condicion` (`id_condicion`, `concepto`, `descripcion`, `activo`) VALUES (9, 'Distribución', 'Por distribución', 1);
INSERT INTO `cat_condicion` (`id_condicion`, `concepto`, `descripcion`, `activo`) VALUES (10, 'Noche Palacio, Gala', 'Por noche palacio, gala', 1);
INSERT INTO `cat_condicion` (`id_condicion`, `concepto`, `descripcion`, `activo`) VALUES (11, 'Casa y estilo', 'Por casa y estilo', 1);
INSERT INTO `cat_condicion` (`id_condicion`, `concepto`, `descripcion`, `activo`) VALUES (12, 'Buen fín', 'Por buen fin', 1);
INSERT INTO `cat_condicion` (`id_condicion`, `concepto`, `descripcion`, `activo`) VALUES (13, 'Días amarillos', 'Por días amarillos', 1);
INSERT INTO `cat_condicion` (`id_condicion`, `concepto`, `descripcion`, `activo`) VALUES (14, 'Pago de internet', 'Por pago de internet', 1);
INSERT INTO `cat_condicion` (`id_condicion`, `concepto`, `descripcion`, `activo`) VALUES (15, 'Días de cortesía', 'Por días de cortesía', 1);
INSERT INTO `cat_condicion` (`id_condicion`, `concepto`, `descripcion`, `activo`) VALUES (16, 'Catalogo', 'Por catalogo', 1);
INSERT INTO `cat_condicion` (`id_condicion`, `concepto`, `descripcion`, `activo`) VALUES (17, 'Hot sale y ciber weekend', 'Por hot sale y c', 1);
INSERT INTO `cat_condicion` (`id_condicion`, `concepto`, `descripcion`, `activo`) VALUES (18, 'Comisión', 'Por comisión', 1);
INSERT INTO `cat_condicion` (`id_condicion`, `concepto`, `descripcion`, `activo`) VALUES (19, 'Cierre de mes', 'Por cierre de mes', 1);
INSERT INTO `cat_condicion` (`id_condicion`, `concepto`, `descripcion`, `activo`) VALUES (20, 'Rappel', 'Por rappel', 1);
INSERT INTO `cat_condicion` (`id_condicion`, `concepto`, `descripcion`, `activo`) VALUES (21, 'Aniversario', 'Por aniversario', 1);
INSERT INTO `cat_condicion` (`id_condicion`, `concepto`, `descripcion`, `activo`) VALUES (22, 'Chedraui link', 'Por chedraui link', 1);
INSERT INTO `cat_condicion` (`id_condicion`, `concepto`, `descripcion`, `activo`) VALUES (23, 'Expo chedraui', 'Por expo de chedraui', 1);
INSERT INTO `cat_condicion` (`id_condicion`, `concepto`, `descripcion`, `activo`) VALUES (24, 'Tarimas', 'Por tarimas', 1);
INSERT INTO `cat_condicion` (`id_condicion`, `concepto`, `descripcion`, `activo`) VALUES (25, 'MSI', 'por msi', 1);
INSERT INTO `cat_condicion` (`id_condicion`, `concepto`, `descripcion`, `activo`) VALUES (26, 'Expo', 'Por expo', 1);
INSERT INTO `cat_condicion` (`id_condicion`, `concepto`, `descripcion`, `activo`) VALUES (27, 'Desc comerciales', 'Desc comerciales', 1);
INSERT INTO `cat_condicion` (`id_condicion`, `concepto`, `descripcion`, `activo`) VALUES (28, 'Descarga', 'Descarga', 1);
INSERT INTO `cat_condicion` (`id_condicion`, `concepto`, `descripcion`, `activo`) VALUES (29, 'Almacén', 'Almacén', 1);
INSERT INTO `cat_condicion` (`id_condicion`, `concepto`, `descripcion`, `activo`) VALUES (30, 'Vendedor', 'Vendedor', 1);
INSERT INTO `cat_condicion` (`id_condicion`, `concepto`, `descripcion`, `activo`) VALUES (31, 'Buen fin y ciber monday', 'Buen fin y ciber monday', 1);
INSERT INTO `cat_condicion` (`id_condicion`, `concepto`, `descripcion`, `activo`) VALUES (32, 'Varios', 'Varios', 1);
INSERT INTO `cat_condicion` (`id_condicion`, `concepto`, `descripcion`, `activo`) VALUES (33, 'Expo DEurope', 'Expo DEurope', 1);
INSERT INTO `cat_condicion` (`id_condicion`, `concepto`, `descripcion`, `activo`) VALUES (34, 'HUB Plataforma', 'HUB Plataforma', 1);
INSERT INTO `cat_condicion` (`id_condicion`, `concepto`, `descripcion`, `activo`) VALUES (35, 'IBX', 'IBX', 1);
INSERT INTO `cat_condicion` (`id_condicion`, `concepto`, `descripcion`, `activo`) VALUES (36, 'Devoluciones', 'Devoluciones', 1);
INSERT INTO `cat_condicion` (`id_condicion`, `concepto`, `descripcion`, `activo`) VALUES (37, 'Venta de mamá', 'Venta de mamá', 1);
INSERT INTO `cat_condicion` (`id_condicion`, `concepto`, `descripcion`, `activo`) VALUES (38, 'Venta de papá', 'Venta de papá', 1);
INSERT INTO `cat_condicion` (`id_condicion`, `concepto`, `descripcion`, `activo`) VALUES (39, 'Venta de aniversario', 'Venta de aniversario', 1);
INSERT INTO `cat_condicion` (`id_condicion`, `concepto`, `descripcion`, `activo`) VALUES (40, 'Folletos', 'Folletos', 1);
INSERT INTO `cat_condicion` (`id_condicion`, `concepto`, `descripcion`, `activo`) VALUES (41, 'Maniobras', 'Maniobras', 1);
INSERT INTO `cat_condicion` (`id_condicion`, `concepto`, `descripcion`, `activo`) VALUES (42, 'Otros', 'por otros', 1);
INSERT INTO `cat_condicion` (`id_condicion`, `concepto`, `descripcion`, `activo`) VALUES (43, 'Liquidación', 'Liquidación', 1);
INSERT INTO `cat_condicion` (`id_condicion`, `concepto`, `descripcion`, `activo`) VALUES (44, 'Hot Sale', 'Hot Sale', 1);

COMMIT;


-- -----------------------------------------------------
-- Data for table `cat_aplicacion`
-- -----------------------------------------------------
START TRANSACTION;
INSERT INTO `cat_aplicacion` (`id_aplicacion`, `concepto`, `activo`) VALUES (1, 'FAC', 1);
INSERT INTO `cat_aplicacion` (`id_aplicacion`, `concepto`, `activo`) VALUES (2, 'NCA', 1);
INSERT INTO `cat_aplicacion` (`id_aplicacion`, `concepto`, `activo`) VALUES (3, 'NCR', 1);

COMMIT;


-- -----------------------------------------------------
-- Data for table `cat_condiciones_comerciales`
-- -----------------------------------------------------
START TRANSACTION;
INSERT INTO `cat_condiciones_comerciales` (`id_condiciones_comerciales`, `id_business_partnes`, `id_condicion`, `codigo_descuento`, `porcentaje`, `id_aplicacion`, `activo`) VALUES (1, 248, 1, 'ELE01', 4, 3, 1);
INSERT INTO `cat_condiciones_comerciales` (`id_condiciones_comerciales`, `id_business_partnes`, `id_condicion`, `codigo_descuento`, `porcentaje`, `id_aplicacion`, `activo`) VALUES (2, 248, 2, 'ELE04', 4, 1, 1);
INSERT INTO `cat_condiciones_comerciales` (`id_condiciones_comerciales`, `id_business_partnes`, `id_condicion`, `codigo_descuento`, `porcentaje`, `id_aplicacion`, `activo`) VALUES (3, 248, 3, 'ELE14', 3, 2, 1);
INSERT INTO `cat_condiciones_comerciales` (`id_condiciones_comerciales`, `id_business_partnes`, `id_condicion`, `codigo_descuento`, `porcentaje`, `id_aplicacion`, `activo`) VALUES (4, 248, 4, 'ELE06', 9, 1, 1);
INSERT INTO `cat_condiciones_comerciales` (`id_condiciones_comerciales`, `id_business_partnes`, `id_condicion`, `codigo_descuento`, `porcentaje`, `id_aplicacion`, `activo`) VALUES (5, 248, 5, 'ELE08', 0.5, 3, 1);
INSERT INTO `cat_condiciones_comerciales` (`id_condiciones_comerciales`, `id_business_partnes`, `id_condicion`, `codigo_descuento`, `porcentaje`, `id_aplicacion`, `activo`) VALUES (6, 248, 6, 'ELE11', 1, 3, 1);
INSERT INTO `cat_condiciones_comerciales` (`id_condiciones_comerciales`, `id_business_partnes`, `id_condicion`, `codigo_descuento`, `porcentaje`, `id_aplicacion`, `activo`) VALUES (7, 248, 7, 'ELE12', 1, 3, 1);
INSERT INTO `cat_condiciones_comerciales` (`id_condiciones_comerciales`, `id_business_partnes`, `id_condicion`, `codigo_descuento`, `porcentaje`, `id_aplicacion`, `activo`) VALUES (8, 248, 8, 'ELE07', 1, 1, 1);
INSERT INTO `cat_condiciones_comerciales` (`id_condiciones_comerciales`, `id_business_partnes`, `id_condicion`, `codigo_descuento`, `porcentaje`, `id_aplicacion`, `activo`) VALUES (9, 307, 1, 'PH01', 6, 2, 1);
INSERT INTO `cat_condiciones_comerciales` (`id_condiciones_comerciales`, `id_business_partnes`, `id_condicion`, `codigo_descuento`, `porcentaje`, `id_aplicacion`, `activo`) VALUES (10, 307, 2, 'PH04', 1.5, 3, 1);
INSERT INTO `cat_condiciones_comerciales` (`id_condiciones_comerciales`, `id_business_partnes`, `id_condicion`, `codigo_descuento`, `porcentaje`, `id_aplicacion`, `activo`) VALUES (11, 307, 9, 'PH15', 3.5, 1, 1);
INSERT INTO `cat_condiciones_comerciales` (`id_condiciones_comerciales`, `id_business_partnes`, `id_condicion`, `codigo_descuento`, `porcentaje`, `id_aplicacion`, `activo`) VALUES (12, 307, 10, 'PH16', 1, 3, 1);
INSERT INTO `cat_condiciones_comerciales` (`id_condiciones_comerciales`, `id_business_partnes`, `id_condicion`, `codigo_descuento`, `porcentaje`, `id_aplicacion`, `activo`) VALUES (13, 307, 11, 'PH17', 1, 1, 1);
INSERT INTO `cat_condiciones_comerciales` (`id_condiciones_comerciales`, `id_business_partnes`, `id_condicion`, `codigo_descuento`, `porcentaje`, `id_aplicacion`, `activo`) VALUES (14, 307, 12, 'PH18', 1, 3, 1);
INSERT INTO `cat_condiciones_comerciales` (`id_condiciones_comerciales`, `id_business_partnes`, `id_condicion`, `codigo_descuento`, `porcentaje`, `id_aplicacion`, `activo`) VALUES (15, 307, 13, 'PH09', 1, 1, 1);
INSERT INTO `cat_condiciones_comerciales` (`id_condiciones_comerciales`, `id_business_partnes`, `id_condicion`, `codigo_descuento`, `porcentaje`, `id_aplicacion`, `activo`) VALUES (16, 307, 14, 'PH14', 0.5, 2, 1);
INSERT INTO `cat_condiciones_comerciales` (`id_condiciones_comerciales`, `id_business_partnes`, `id_condicion`, `codigo_descuento`, `porcentaje`, `id_aplicacion`, `activo`) VALUES (17, 307, 15, 'PH10', 1, 3, 1);
INSERT INTO `cat_condiciones_comerciales` (`id_condiciones_comerciales`, `id_business_partnes`, `id_condicion`, `codigo_descuento`, `porcentaje`, `id_aplicacion`, `activo`) VALUES (18, 307, 16, 'PH14', 0.5, 3, 1);
INSERT INTO `cat_condiciones_comerciales` (`id_condiciones_comerciales`, `id_business_partnes`, `id_condicion`, `codigo_descuento`, `porcentaje`, `id_aplicacion`, `activo`) VALUES (19, 307, 17, 'PH12', 1, 2, 1);
INSERT INTO `cat_condiciones_comerciales` (`id_condiciones_comerciales`, `id_business_partnes`, `id_condicion`, `codigo_descuento`, `porcentaje`, `id_aplicacion`, `activo`) VALUES (20, 421, 1, 'SEA01', 4, 3, 1);
INSERT INTO `cat_condiciones_comerciales` (`id_condiciones_comerciales`, `id_business_partnes`, `id_condicion`, `codigo_descuento`, `porcentaje`, `id_aplicacion`, `activo`) VALUES (21, 421, 2, 'SEA04', 1.5, 3, 1);
INSERT INTO `cat_condiciones_comerciales` (`id_condiciones_comerciales`, `id_business_partnes`, `id_condicion`, `codigo_descuento`, `porcentaje`, `id_aplicacion`, `activo`) VALUES (22, 421, 18, 'SEA02', 0, 1, 1);
INSERT INTO `cat_condiciones_comerciales` (`id_condiciones_comerciales`, `id_business_partnes`, `id_condicion`, `codigo_descuento`, `porcentaje`, `id_aplicacion`, `activo`) VALUES (23, 421, 19, 'SEA08', 8, 1, 1);
INSERT INTO `cat_condiciones_comerciales` (`id_condiciones_comerciales`, `id_business_partnes`, `id_condicion`, `codigo_descuento`, `porcentaje`, `id_aplicacion`, `activo`) VALUES (24, 421, 9, 'SEA05', 3, 3, 1);
INSERT INTO `cat_condiciones_comerciales` (`id_condiciones_comerciales`, `id_business_partnes`, `id_condicion`, `codigo_descuento`, `porcentaje`, `id_aplicacion`, `activo`) VALUES (25, 421, 7, 'SEA06', 2, 1, 1);
INSERT INTO `cat_condiciones_comerciales` (`id_condiciones_comerciales`, `id_business_partnes`, `id_condicion`, `codigo_descuento`, `porcentaje`, `id_aplicacion`, `activo`) VALUES (26, 421, 12, 'SEA09', 0.5, 3, 1);
INSERT INTO `cat_condiciones_comerciales` (`id_condiciones_comerciales`, `id_business_partnes`, `id_condicion`, `codigo_descuento`, `porcentaje`, `id_aplicacion`, `activo`) VALUES (27, 421, 6, 'SEA07', 15, 3, 1);
INSERT INTO `cat_condiciones_comerciales` (`id_condiciones_comerciales`, `id_business_partnes`, `id_condicion`, `codigo_descuento`, `porcentaje`, `id_aplicacion`, `activo`) VALUES (28, 149, 1, 'CHE01', 4, 3, 1);
INSERT INTO `cat_condiciones_comerciales` (`id_condiciones_comerciales`, `id_business_partnes`, `id_condicion`, `codigo_descuento`, `porcentaje`, `id_aplicacion`, `activo`) VALUES (29, 149, 20, 'CHE08', 3, 3, 1);
INSERT INTO `cat_condiciones_comerciales` (`id_condiciones_comerciales`, `id_business_partnes`, `id_condicion`, `codigo_descuento`, `porcentaje`, `id_aplicacion`, `activo`) VALUES (30, 149, 21, 'CHE06', 0.5, 3, 1);
INSERT INTO `cat_condiciones_comerciales` (`id_condiciones_comerciales`, `id_business_partnes`, `id_condicion`, `codigo_descuento`, `porcentaje`, `id_aplicacion`, `activo`) VALUES (31, 149, 22, 'CHE09', 0.5, 3, 1);
INSERT INTO `cat_condiciones_comerciales` (`id_condiciones_comerciales`, `id_business_partnes`, `id_condicion`, `codigo_descuento`, `porcentaje`, `id_aplicacion`, `activo`) VALUES (32, 149, 6, 'CHE10', 3, 3, 1);
INSERT INTO `cat_condiciones_comerciales` (`id_condiciones_comerciales`, `id_business_partnes`, `id_condicion`, `codigo_descuento`, `porcentaje`, `id_aplicacion`, `activo`) VALUES (33, 149, 23, 'CHE15', 1, 3, 1);
INSERT INTO `cat_condiciones_comerciales` (`id_condiciones_comerciales`, `id_business_partnes`, `id_condicion`, `codigo_descuento`, `porcentaje`, `id_aplicacion`, `activo`) VALUES (34, 149, 29, 'CHE05', 10.5, 3, 1);
INSERT INTO `cat_condiciones_comerciales` (`id_condiciones_comerciales`, `id_business_partnes`, `id_condicion`, `codigo_descuento`, `porcentaje`, `id_aplicacion`, `activo`) VALUES (35, 149, 24, 'CHE13', 1, 3, 1);
INSERT INTO `cat_condiciones_comerciales` (`id_condiciones_comerciales`, `id_business_partnes`, `id_condicion`, `codigo_descuento`, `porcentaje`, `id_aplicacion`, `activo`) VALUES (36, 149, 25, 'CHE11', 2, 3, 1);
INSERT INTO `cat_condiciones_comerciales` (`id_condiciones_comerciales`, `id_business_partnes`, `id_condicion`, `codigo_descuento`, `porcentaje`, `id_aplicacion`, `activo`) VALUES (37, 149, 2, 'CHE04', 2, 3, 1);
INSERT INTO `cat_condiciones_comerciales` (`id_condiciones_comerciales`, `id_business_partnes`, `id_condicion`, `codigo_descuento`, `porcentaje`, `id_aplicacion`, `activo`) VALUES (38, 149, 8, 'CHE07', 0.5, 3, 1);
INSERT INTO `cat_condiciones_comerciales` (`id_condiciones_comerciales`, `id_business_partnes`, `id_condicion`, `codigo_descuento`, `porcentaje`, `id_aplicacion`, `activo`) VALUES (39, 169, 1, 'CIM01', 4, 3, 1);
INSERT INTO `cat_condiciones_comerciales` (`id_condiciones_comerciales`, `id_business_partnes`, `id_condicion`, `codigo_descuento`, `porcentaje`, `id_aplicacion`, `activo`) VALUES (40, 169, 7, 'CIM07', 1.5, 3, 1);
INSERT INTO `cat_condiciones_comerciales` (`id_condiciones_comerciales`, `id_business_partnes`, `id_condicion`, `codigo_descuento`, `porcentaje`, `id_aplicacion`, `activo`) VALUES (41, 169, 16, 'CIM06', 1.5, 3, 1);
INSERT INTO `cat_condiciones_comerciales` (`id_condiciones_comerciales`, `id_business_partnes`, `id_condicion`, `codigo_descuento`, `porcentaje`, `id_aplicacion`, `activo`) VALUES (42, 169, 2, 'CIM04', 8, 3, 1);
INSERT INTO `cat_condiciones_comerciales` (`id_condiciones_comerciales`, `id_business_partnes`, `id_condicion`, `codigo_descuento`, `porcentaje`, `id_aplicacion`, `activo`) VALUES (43, 188, 1, 'VILL001', 2, 3, 1);
INSERT INTO `cat_condiciones_comerciales` (`id_condiciones_comerciales`, `id_business_partnes`, `id_condicion`, `codigo_descuento`, `porcentaje`, `id_aplicacion`, `activo`) VALUES (44, 188, 18, 'VILL002', 3, 3, 1);
INSERT INTO `cat_condiciones_comerciales` (`id_condiciones_comerciales`, `id_business_partnes`, `id_condicion`, `codigo_descuento`, `porcentaje`, `id_aplicacion`, `activo`) VALUES (45, 188, 2, 'VILL004', 8, 3, 1);
INSERT INTO `cat_condiciones_comerciales` (`id_condiciones_comerciales`, `id_business_partnes`, `id_condicion`, `codigo_descuento`, `porcentaje`, `id_aplicacion`, `activo`) VALUES (46, 188, 21, 'VILL006', 1, 3, 1);
INSERT INTO `cat_condiciones_comerciales` (`id_condiciones_comerciales`, `id_business_partnes`, `id_condicion`, `codigo_descuento`, `porcentaje`, `id_aplicacion`, `activo`) VALUES (47, 188, 26, 'VILL015', 1, 3, 1);
INSERT INTO `cat_condiciones_comerciales` (`id_condiciones_comerciales`, `id_business_partnes`, `id_condicion`, `codigo_descuento`, `porcentaje`, `id_aplicacion`, `activo`) VALUES (48, 188, 12, 'VILL009', 1, 3, 1);
INSERT INTO `cat_condiciones_comerciales` (`id_condiciones_comerciales`, `id_business_partnes`, `id_condicion`, `codigo_descuento`, `porcentaje`, `id_aplicacion`, `activo`) VALUES (49, 322, 1, 'VIZ01', 2, 3, 1);
INSERT INTO `cat_condiciones_comerciales` (`id_condiciones_comerciales`, `id_business_partnes`, `id_condicion`, `codigo_descuento`, `porcentaje`, `id_aplicacion`, `activo`) VALUES (50, 322, 21, 'VIZ06', 1, 3, 1);
INSERT INTO `cat_condiciones_comerciales` (`id_condiciones_comerciales`, `id_business_partnes`, `id_condicion`, `codigo_descuento`, `porcentaje`, `id_aplicacion`, `activo`) VALUES (51, 322, 26, 'VIZ15', 1, 3, 1);
INSERT INTO `cat_condiciones_comerciales` (`id_condiciones_comerciales`, `id_business_partnes`, `id_condicion`, `codigo_descuento`, `porcentaje`, `id_aplicacion`, `activo`) VALUES (52, 322, 12, 'VIZ09', 1, 3, 1);
INSERT INTO `cat_condiciones_comerciales` (`id_condiciones_comerciales`, `id_business_partnes`, `id_condicion`, `codigo_descuento`, `porcentaje`, `id_aplicacion`, `activo`) VALUES (53, 322, 2, 'VIZ04', 10, 3, 1);
INSERT INTO `cat_condiciones_comerciales` (`id_condiciones_comerciales`, `id_business_partnes`, `id_condicion`, `codigo_descuento`, `porcentaje`, `id_aplicacion`, `activo`) VALUES (54, 322, 18, 'VIZ02', 3, 3, 1);
INSERT INTO `cat_condiciones_comerciales` (`id_condiciones_comerciales`, `id_business_partnes`, `id_condicion`, `codigo_descuento`, `porcentaje`, `id_aplicacion`, `activo`) VALUES (55, 226, 1, 'SEAC01', 4, 3, 1);
INSERT INTO `cat_condiciones_comerciales` (`id_condiciones_comerciales`, `id_business_partnes`, `id_condicion`, `codigo_descuento`, `porcentaje`, `id_aplicacion`, `activo`) VALUES (56, 226, 2, 'SEAC04', 1.5, 3, 1);
INSERT INTO `cat_condiciones_comerciales` (`id_condiciones_comerciales`, `id_business_partnes`, `id_condicion`, `codigo_descuento`, `porcentaje`, `id_aplicacion`, `activo`) VALUES (57, 226, 18, 'SEAC02', 0, 3, 1);
INSERT INTO `cat_condiciones_comerciales` (`id_condiciones_comerciales`, `id_business_partnes`, `id_condicion`, `codigo_descuento`, `porcentaje`, `id_aplicacion`, `activo`) VALUES (58, 226, 19, 'SEAC20', 8, 3, 1);
INSERT INTO `cat_condiciones_comerciales` (`id_condiciones_comerciales`, `id_business_partnes`, `id_condicion`, `codigo_descuento`, `porcentaje`, `id_aplicacion`, `activo`) VALUES (59, 226, 9, 'SEAC21', 3, 3, 1);
INSERT INTO `cat_condiciones_comerciales` (`id_condiciones_comerciales`, `id_business_partnes`, `id_condicion`, `codigo_descuento`, `porcentaje`, `id_aplicacion`, `activo`) VALUES (60, 226, 7, 'SEAC06', 2, 3, 1);
INSERT INTO `cat_condiciones_comerciales` (`id_condiciones_comerciales`, `id_business_partnes`, `id_condicion`, `codigo_descuento`, `porcentaje`, `id_aplicacion`, `activo`) VALUES (61, 226, 12, 'SEAC09', 0.5, 3, 1);
INSERT INTO `cat_condiciones_comerciales` (`id_condiciones_comerciales`, `id_business_partnes`, `id_condicion`, `codigo_descuento`, `porcentaje`, `id_aplicacion`, `activo`) VALUES (62, 226, 6, 'SEAC07', 0, 3, 1);
INSERT INTO `cat_condiciones_comerciales` (`id_condiciones_comerciales`, `id_business_partnes`, `id_condicion`, `codigo_descuento`, `porcentaje`, `id_aplicacion`, `activo`) VALUES (63, 335, 1, 'LIV01', 6, 3, 1);
INSERT INTO `cat_condiciones_comerciales` (`id_condiciones_comerciales`, `id_business_partnes`, `id_condicion`, `codigo_descuento`, `porcentaje`, `id_aplicacion`, `activo`) VALUES (64, 335, 2, 'LIV04', 2.2, 3, 1);
INSERT INTO `cat_condiciones_comerciales` (`id_condiciones_comerciales`, `id_business_partnes`, `id_condicion`, `codigo_descuento`, `porcentaje`, `id_aplicacion`, `activo`) VALUES (65, 335, 18, 'LIV02', 0, 3, 1);
INSERT INTO `cat_condiciones_comerciales` (`id_condiciones_comerciales`, `id_business_partnes`, `id_condicion`, `codigo_descuento`, `porcentaje`, `id_aplicacion`, `activo`) VALUES (66, 335, 19, 'LIV08', 0, 3, 1);
INSERT INTO `cat_condiciones_comerciales` (`id_condiciones_comerciales`, `id_business_partnes`, `id_condicion`, `codigo_descuento`, `porcentaje`, `id_aplicacion`, `activo`) VALUES (67, 335, 9, 'LIV05', 3, 3, 1);
INSERT INTO `cat_condiciones_comerciales` (`id_condiciones_comerciales`, `id_business_partnes`, `id_condicion`, `codigo_descuento`, `porcentaje`, `id_aplicacion`, `activo`) VALUES (68, 335, 7, 'LIV06', 2.5, 3, 1);
INSERT INTO `cat_condiciones_comerciales` (`id_condiciones_comerciales`, `id_business_partnes`, `id_condicion`, `codigo_descuento`, `porcentaje`, `id_aplicacion`, `activo`) VALUES (69, 335, 12, 'LIV09', 0.5, 3, 1);
INSERT INTO `cat_condiciones_comerciales` (`id_condiciones_comerciales`, `id_business_partnes`, `id_condicion`, `codigo_descuento`, `porcentaje`, `id_aplicacion`, `activo`) VALUES (70, 335, 6, 'LIV07', 0, 3, 1);
INSERT INTO `cat_condiciones_comerciales` (`id_condiciones_comerciales`, `id_business_partnes`, `id_condicion`, `codigo_descuento`, `porcentaje`, `id_aplicacion`, `activo`) VALUES (71, 215, 1, 'NAS01', 4, 3, 1);
INSERT INTO `cat_condiciones_comerciales` (`id_condiciones_comerciales`, `id_business_partnes`, `id_condicion`, `codigo_descuento`, `porcentaje`, `id_aplicacion`, `activo`) VALUES (72, 215, 2, '04', 1.5, 3, 1);
INSERT INTO `cat_condiciones_comerciales` (`id_condiciones_comerciales`, `id_business_partnes`, `id_condicion`, `codigo_descuento`, `porcentaje`, `id_aplicacion`, `activo`) VALUES (73, 215, 27, 'NAS10', 0, 1, 1);
INSERT INTO `cat_condiciones_comerciales` (`id_condiciones_comerciales`, `id_business_partnes`, `id_condicion`, `codigo_descuento`, `porcentaje`, `id_aplicacion`, `activo`) VALUES (74, 215, 18, 'NAS02', 0, 3, 1);
INSERT INTO `cat_condiciones_comerciales` (`id_condiciones_comerciales`, `id_business_partnes`, `id_condicion`, `codigo_descuento`, `porcentaje`, `id_aplicacion`, `activo`) VALUES (75, 318, 1, 'TRONC01', 0, 1, 1);
INSERT INTO `cat_condiciones_comerciales` (`id_condiciones_comerciales`, `id_business_partnes`, `id_condicion`, `codigo_descuento`, `porcentaje`, `id_aplicacion`, `activo`) VALUES (76, 318, 2, 'TRONC04', 1.5, 1, 1);
INSERT INTO `cat_condiciones_comerciales` (`id_condiciones_comerciales`, `id_business_partnes`, `id_condicion`, `codigo_descuento`, `porcentaje`, `id_aplicacion`, `activo`) VALUES (77, 318, 18, 'TRONC02', 0, 1, 1);
INSERT INTO `cat_condiciones_comerciales` (`id_condiciones_comerciales`, `id_business_partnes`, `id_condicion`, `codigo_descuento`, `porcentaje`, `id_aplicacion`, `activo`) VALUES (78, 318, 7, 'TRONC12', 0, 1, 1);
INSERT INTO `cat_condiciones_comerciales` (`id_condiciones_comerciales`, `id_business_partnes`, `id_condicion`, `codigo_descuento`, `porcentaje`, `id_aplicacion`, `activo`) VALUES (79, 318, 12, 'TRONC18', 0, 1, 1);
INSERT INTO `cat_condiciones_comerciales` (`id_condiciones_comerciales`, `id_business_partnes`, `id_condicion`, `codigo_descuento`, `porcentaje`, `id_aplicacion`, `activo`) VALUES (80, 310, 1, 'DIM01', 4, 3, 1);
INSERT INTO `cat_condiciones_comerciales` (`id_condiciones_comerciales`, `id_business_partnes`, `id_condicion`, `codigo_descuento`, `porcentaje`, `id_aplicacion`, `activo`) VALUES (81, 310, 18, 'DIM02', 1, 1, 1);
INSERT INTO `cat_condiciones_comerciales` (`id_condiciones_comerciales`, `id_business_partnes`, `id_condicion`, `codigo_descuento`, `porcentaje`, `id_aplicacion`, `activo`) VALUES (82, 310, 2, 'DIM04', 1, 3, 1);
INSERT INTO `cat_condiciones_comerciales` (`id_condiciones_comerciales`, `id_business_partnes`, `id_condicion`, `codigo_descuento`, `porcentaje`, `id_aplicacion`, `activo`) VALUES (83, 198, 1, 'RAD01', 4, 3, 1);
INSERT INTO `cat_condiciones_comerciales` (`id_condiciones_comerciales`, `id_business_partnes`, `id_condicion`, `codigo_descuento`, `porcentaje`, `id_aplicacion`, `activo`) VALUES (84, 198, 2, 'RAD02', 1.5, 3, 1);
INSERT INTO `cat_condiciones_comerciales` (`id_condiciones_comerciales`, `id_business_partnes`, `id_condicion`, `codigo_descuento`, `porcentaje`, `id_aplicacion`, `activo`) VALUES (85, 198, 18, 'RAD03', 0, 3, 1);
INSERT INTO `cat_condiciones_comerciales` (`id_condiciones_comerciales`, `id_business_partnes`, `id_condicion`, `codigo_descuento`, `porcentaje`, `id_aplicacion`, `activo`) VALUES (86, 198, 28, 'RAD04', 0, 3, 1);
INSERT INTO `cat_condiciones_comerciales` (`id_condiciones_comerciales`, `id_business_partnes`, `id_condicion`, `codigo_descuento`, `porcentaje`, `id_aplicacion`, `activo`) VALUES (87, 198, 29, 'RAD05', 0, 3, 1);
INSERT INTO `cat_condiciones_comerciales` (`id_condiciones_comerciales`, `id_business_partnes`, `id_condicion`, `codigo_descuento`, `porcentaje`, `id_aplicacion`, `activo`) VALUES (88, 198, 30, 'RAD06', 0, 3, 1);
INSERT INTO `cat_condiciones_comerciales` (`id_condiciones_comerciales`, `id_business_partnes`, `id_condicion`, `codigo_descuento`, `porcentaje`, `id_aplicacion`, `activo`) VALUES (89, 198, 31, 'RAD07', 0, 3, 1);
INSERT INTO `cat_condiciones_comerciales` (`id_condiciones_comerciales`, `id_business_partnes`, `id_condicion`, `codigo_descuento`, `porcentaje`, `id_aplicacion`, `activo`) VALUES (90, 198, 6, 'RAD08', 1, 3, 1);
INSERT INTO `cat_condiciones_comerciales` (`id_condiciones_comerciales`, `id_business_partnes`, `id_condicion`, `codigo_descuento`, `porcentaje`, `id_aplicacion`, `activo`) VALUES (91, 198, 32, 'RAD09', 1, 3, 1);
INSERT INTO `cat_condiciones_comerciales` (`id_condiciones_comerciales`, `id_business_partnes`, `id_condicion`, `codigo_descuento`, `porcentaje`, `id_aplicacion`, `activo`) VALUES (92, 213, 1, 'DEU01', 3, 3, 1);
INSERT INTO `cat_condiciones_comerciales` (`id_condiciones_comerciales`, `id_business_partnes`, `id_condicion`, `codigo_descuento`, `porcentaje`, `id_aplicacion`, `activo`) VALUES (93, 213, 2, 'DEU02', 2.5, 3, 1);
INSERT INTO `cat_condiciones_comerciales` (`id_condiciones_comerciales`, `id_business_partnes`, `id_condicion`, `codigo_descuento`, `porcentaje`, `id_aplicacion`, `activo`) VALUES (94, 213, 33, 'DEU03', 1, 3, 1);
INSERT INTO `cat_condiciones_comerciales` (`id_condiciones_comerciales`, `id_business_partnes`, `id_condicion`, `codigo_descuento`, `porcentaje`, `id_aplicacion`, `activo`) VALUES (95, 303, 1, 'HOM01', 4, 3, 1);
INSERT INTO `cat_condiciones_comerciales` (`id_condiciones_comerciales`, `id_business_partnes`, `id_condicion`, `codigo_descuento`, `porcentaje`, `id_aplicacion`, `activo`) VALUES (96, 213, 18, 'DEU04', 0, 3, 1);
INSERT INTO `cat_condiciones_comerciales` (`id_condiciones_comerciales`, `id_business_partnes`, `id_condicion`, `codigo_descuento`, `porcentaje`, `id_aplicacion`, `activo`) VALUES (97, 303, 2, 'HOM02', 0, 3, 1);
INSERT INTO `cat_condiciones_comerciales` (`id_condiciones_comerciales`, `id_business_partnes`, `id_condicion`, `codigo_descuento`, `porcentaje`, `id_aplicacion`, `activo`) VALUES (98, 303, 18, 'HOM03', 0, 3, 1);
INSERT INTO `cat_condiciones_comerciales` (`id_condiciones_comerciales`, `id_business_partnes`, `id_condicion`, `codigo_descuento`, `porcentaje`, `id_aplicacion`, `activo`) VALUES (99, 303, 25, 'HOM04', 1, 1, 1);
INSERT INTO `cat_condiciones_comerciales` (`id_condiciones_comerciales`, `id_business_partnes`, `id_condicion`, `codigo_descuento`, `porcentaje`, `id_aplicacion`, `activo`) VALUES (100, 303, 34, 'HOM05', 0.5, 3, 1);
INSERT INTO `cat_condiciones_comerciales` (`id_condiciones_comerciales`, `id_business_partnes`, `id_condicion`, `codigo_descuento`, `porcentaje`, `id_aplicacion`, `activo`) VALUES (101, 303, 35, 'HOM06', 0.5, 3, 1);
INSERT INTO `cat_condiciones_comerciales` (`id_condiciones_comerciales`, `id_business_partnes`, `id_condicion`, `codigo_descuento`, `porcentaje`, `id_aplicacion`, `activo`) VALUES (102, 303, 36, 'HOM07', 2, 3, 1);
INSERT INTO `cat_condiciones_comerciales` (`id_condiciones_comerciales`, `id_business_partnes`, `id_condicion`, `codigo_descuento`, `porcentaje`, `id_aplicacion`, `activo`) VALUES (103, 211, 1, 'CHA01', 6, 3, 1);
INSERT INTO `cat_condiciones_comerciales` (`id_condiciones_comerciales`, `id_business_partnes`, `id_condicion`, `codigo_descuento`, `porcentaje`, `id_aplicacion`, `activo`) VALUES (104, 211, 2, 'CHA02', 0, 3, 1);
INSERT INTO `cat_condiciones_comerciales` (`id_condiciones_comerciales`, `id_business_partnes`, `id_condicion`, `codigo_descuento`, `porcentaje`, `id_aplicacion`, `activo`) VALUES (105, 211, 18, 'CHA03', 0, 3, 1);
INSERT INTO `cat_condiciones_comerciales` (`id_condiciones_comerciales`, `id_business_partnes`, `id_condicion`, `codigo_descuento`, `porcentaje`, `id_aplicacion`, `activo`) VALUES (106, 211, 9, 'CHA04', 6, 3, 1);
INSERT INTO `cat_condiciones_comerciales` (`id_condiciones_comerciales`, `id_business_partnes`, `id_condicion`, `codigo_descuento`, `porcentaje`, `id_aplicacion`, `activo`) VALUES (107, 211, 37, 'CHA05', 0.5, 3, 1);
INSERT INTO `cat_condiciones_comerciales` (`id_condiciones_comerciales`, `id_business_partnes`, `id_condicion`, `codigo_descuento`, `porcentaje`, `id_aplicacion`, `activo`) VALUES (108, 211, 38, 'CHA06', 0.5, 1, 1);
INSERT INTO `cat_condiciones_comerciales` (`id_condiciones_comerciales`, `id_business_partnes`, `id_condicion`, `codigo_descuento`, `porcentaje`, `id_aplicacion`, `activo`) VALUES (109, 211, 39, 'CHA07', 0.5, 3, 1);
INSERT INTO `cat_condiciones_comerciales` (`id_condiciones_comerciales`, `id_business_partnes`, `id_condicion`, `codigo_descuento`, `porcentaje`, `id_aplicacion`, `activo`) VALUES (110, 211, 12, 'CHA08', 0.5, 3, 1);
INSERT INTO `cat_condiciones_comerciales` (`id_condiciones_comerciales`, `id_business_partnes`, `id_condicion`, `codigo_descuento`, `porcentaje`, `id_aplicacion`, `activo`) VALUES (111, 211, 7, 'CHA09', 1, 3, 1);
INSERT INTO `cat_condiciones_comerciales` (`id_condiciones_comerciales`, `id_business_partnes`, `id_condicion`, `codigo_descuento`, `porcentaje`, `id_aplicacion`, `activo`) VALUES (112, 163, 1, 'COS01', 2, 3, 1);
INSERT INTO `cat_condiciones_comerciales` (`id_condiciones_comerciales`, `id_business_partnes`, `id_condicion`, `codigo_descuento`, `porcentaje`, `id_aplicacion`, `activo`) VALUES (113, 163, 2, 'COS02', 0, 3, 1);
INSERT INTO `cat_condiciones_comerciales` (`id_condiciones_comerciales`, `id_business_partnes`, `id_condicion`, `codigo_descuento`, `porcentaje`, `id_aplicacion`, `activo`) VALUES (114, 163, 18, 'COS03', 0, 3, 1);
INSERT INTO `cat_condiciones_comerciales` (`id_condiciones_comerciales`, `id_business_partnes`, `id_condicion`, `codigo_descuento`, `porcentaje`, `id_aplicacion`, `activo`) VALUES (115, 305, 1, 'STA01', 5, 3, 1);
INSERT INTO `cat_condiciones_comerciales` (`id_condiciones_comerciales`, `id_business_partnes`, `id_condicion`, `codigo_descuento`, `porcentaje`, `id_aplicacion`, `activo`) VALUES (116, 305, 2, 'STA02', 7, 3, 1);
INSERT INTO `cat_condiciones_comerciales` (`id_condiciones_comerciales`, `id_business_partnes`, `id_condicion`, `codigo_descuento`, `porcentaje`, `id_aplicacion`, `activo`) VALUES (117, 305, 18, 'STA03', 0, 3, 1);
INSERT INTO `cat_condiciones_comerciales` (`id_condiciones_comerciales`, `id_business_partnes`, `id_condicion`, `codigo_descuento`, `porcentaje`, `id_aplicacion`, `activo`) VALUES (118, 305, 7, 'STA04', 0, 3, 1);
INSERT INTO `cat_condiciones_comerciales` (`id_condiciones_comerciales`, `id_business_partnes`, `id_condicion`, `codigo_descuento`, `porcentaje`, `id_aplicacion`, `activo`) VALUES (119, 305, 12, 'STA05', 1, 3, 1);
INSERT INTO `cat_condiciones_comerciales` (`id_condiciones_comerciales`, `id_business_partnes`, `id_condicion`, `codigo_descuento`, `porcentaje`, `id_aplicacion`, `activo`) VALUES (120, 410, 1, 'GAI01', 6, 3, 1);
INSERT INTO `cat_condiciones_comerciales` (`id_condiciones_comerciales`, `id_business_partnes`, `id_condicion`, `codigo_descuento`, `porcentaje`, `id_aplicacion`, `activo`) VALUES (121, 410, 2, 'GAI02', 1.5, 3, 1);
INSERT INTO `cat_condiciones_comerciales` (`id_condiciones_comerciales`, `id_business_partnes`, `id_condicion`, `codigo_descuento`, `porcentaje`, `id_aplicacion`, `activo`) VALUES (122, 410, 18, 'GAI03', 0, 3, 1);
INSERT INTO `cat_condiciones_comerciales` (`id_condiciones_comerciales`, `id_business_partnes`, `id_condicion`, `codigo_descuento`, `porcentaje`, `id_aplicacion`, `activo`) VALUES (123, 410, 21, 'GAI04', 1, 3, 1);
INSERT INTO `cat_condiciones_comerciales` (`id_condiciones_comerciales`, `id_business_partnes`, `id_condicion`, `codigo_descuento`, `porcentaje`, `id_aplicacion`, `activo`) VALUES (124, 410, 12, 'GAI05', 1.5, 3, 1);
INSERT INTO `cat_condiciones_comerciales` (`id_condiciones_comerciales`, `id_business_partnes`, `id_condicion`, `codigo_descuento`, `porcentaje`, `id_aplicacion`, `activo`) VALUES (125, 410, 44, 'GAI06', 1, 3, 1);
INSERT INTO `cat_condiciones_comerciales` (`id_condiciones_comerciales`, `id_business_partnes`, `id_condicion`, `codigo_descuento`, `porcentaje`, `id_aplicacion`, `activo`) VALUES (126, 400, 1, 'ELI01', 2, 3, 1);
INSERT INTO `cat_condiciones_comerciales` (`id_condiciones_comerciales`, `id_business_partnes`, `id_condicion`, `codigo_descuento`, `porcentaje`, `id_aplicacion`, `activo`) VALUES (127, 400, 2, 'ELI02', 7, 3, 1);
INSERT INTO `cat_condiciones_comerciales` (`id_condiciones_comerciales`, `id_business_partnes`, `id_condicion`, `codigo_descuento`, `porcentaje`, `id_aplicacion`, `activo`) VALUES (128, 400, 18, 'ELI03', 3, 3, 1);
INSERT INTO `cat_condiciones_comerciales` (`id_condiciones_comerciales`, `id_business_partnes`, `id_condicion`, `codigo_descuento`, `porcentaje`, `id_aplicacion`, `activo`) VALUES (129, 400, 28, 'ELI04', 0, 3, 1);
INSERT INTO `cat_condiciones_comerciales` (`id_condiciones_comerciales`, `id_business_partnes`, `id_condicion`, `codigo_descuento`, `porcentaje`, `id_aplicacion`, `activo`) VALUES (130, 400, 31, 'ELI05', 1.5, 3, 1);
INSERT INTO `cat_condiciones_comerciales` (`id_condiciones_comerciales`, `id_business_partnes`, `id_condicion`, `codigo_descuento`, `porcentaje`, `id_aplicacion`, `activo`) VALUES (131, 400, 6, 'ELI06', 1, 3, 1);
INSERT INTO `cat_condiciones_comerciales` (`id_condiciones_comerciales`, `id_business_partnes`, `id_condicion`, `codigo_descuento`, `porcentaje`, `id_aplicacion`, `activo`) VALUES (132, 400, 40, 'ELI07', 1, 3, 1);
INSERT INTO `cat_condiciones_comerciales` (`id_condiciones_comerciales`, `id_business_partnes`, `id_condicion`, `codigo_descuento`, `porcentaje`, `id_aplicacion`, `activo`) VALUES (133, 149, 18, 'CHE1010', 0, 3, 1);
INSERT INTO `cat_condiciones_comerciales` (`id_condiciones_comerciales`, `id_business_partnes`, `id_condicion`, `codigo_descuento`, `porcentaje`, `id_aplicacion`, `activo`) VALUES (134, 213, 18, 'DEU10', 0, 3, 1);
INSERT INTO `cat_condiciones_comerciales` (`id_condiciones_comerciales`, `id_business_partnes`, `id_condicion`, `codigo_descuento`, `porcentaje`, `id_aplicacion`, `activo`) VALUES (135, 211, 18, 'CHA10', 0, 3, 1);
INSERT INTO `cat_condiciones_comerciales` (`id_condiciones_comerciales`, `id_business_partnes`, `id_condicion`, `codigo_descuento`, `porcentaje`, `id_aplicacion`, `activo`) VALUES (136, 221, 12, 'COP02', 1.5, 3, 1);
INSERT INTO `cat_condiciones_comerciales` (`id_condiciones_comerciales`, `id_business_partnes`, `id_condicion`, `codigo_descuento`, `porcentaje`, `id_aplicacion`, `activo`) VALUES (137, 221, 1, 'COP01', 2, 3, 1);
INSERT INTO `cat_condiciones_comerciales` (`id_condiciones_comerciales`, `id_business_partnes`, `id_condicion`, `codigo_descuento`, `porcentaje`, `id_aplicacion`, `activo`) VALUES (138, 335, 41, 'LIV99', 1, 3, 1);
INSERT INTO `cat_condiciones_comerciales` (`id_condiciones_comerciales`, `id_business_partnes`, `id_condicion`, `codigo_descuento`, `porcentaje`, `id_aplicacion`, `activo`) VALUES (139, 163, 42, 'COS04', 3, 3, 1);
INSERT INTO `cat_condiciones_comerciales` (`id_condiciones_comerciales`, `id_business_partnes`, `id_condicion`, `codigo_descuento`, `porcentaje`, `id_aplicacion`, `activo`) VALUES (140, 196, 2, 'PAR01', 0, 3, 1);
INSERT INTO `cat_condiciones_comerciales` (`id_condiciones_comerciales`, `id_business_partnes`, `id_condicion`, `codigo_descuento`, `porcentaje`, `id_aplicacion`, `activo`) VALUES (141, 196, 2, 'PAR02', 0, 3, 1);
INSERT INTO `cat_condiciones_comerciales` (`id_condiciones_comerciales`, `id_business_partnes`, `id_condicion`, `codigo_descuento`, `porcentaje`, `id_aplicacion`, `activo`) VALUES (142, 196, 18, 'PAR03', 0, 3, 1);
INSERT INTO `cat_condiciones_comerciales` (`id_condiciones_comerciales`, `id_business_partnes`, `id_condicion`, `codigo_descuento`, `porcentaje`, `id_aplicacion`, `activo`) VALUES (143, 196, 7, 'PAR04', 15, 3, 1);
INSERT INTO `cat_condiciones_comerciales` (`id_condiciones_comerciales`, `id_business_partnes`, `id_condicion`, `codigo_descuento`, `porcentaje`, `id_aplicacion`, `activo`) VALUES (144, 195, 1, 'RAD01', 4, 3, 1);
INSERT INTO `cat_condiciones_comerciales` (`id_condiciones_comerciales`, `id_business_partnes`, `id_condicion`, `codigo_descuento`, `porcentaje`, `id_aplicacion`, `activo`) VALUES (145, 195, 2, 'RAD02', 1.5, 3, 1);
INSERT INTO `cat_condiciones_comerciales` (`id_condiciones_comerciales`, `id_business_partnes`, `id_condicion`, `codigo_descuento`, `porcentaje`, `id_aplicacion`, `activo`) VALUES (146, 195, 18, 'RAD03', 0, 3, 1);
INSERT INTO `cat_condiciones_comerciales` (`id_condiciones_comerciales`, `id_business_partnes`, `id_condicion`, `codigo_descuento`, `porcentaje`, `id_aplicacion`, `activo`) VALUES (147, 195, 28, 'RAD04', 0, 3, 1);
INSERT INTO `cat_condiciones_comerciales` (`id_condiciones_comerciales`, `id_business_partnes`, `id_condicion`, `codigo_descuento`, `porcentaje`, `id_aplicacion`, `activo`) VALUES (148, 195, 29, 'RAD05', 0, 3, 1);
INSERT INTO `cat_condiciones_comerciales` (`id_condiciones_comerciales`, `id_business_partnes`, `id_condicion`, `codigo_descuento`, `porcentaje`, `id_aplicacion`, `activo`) VALUES (149, 195, 30, 'RAD06', 0, 3, 1);
INSERT INTO `cat_condiciones_comerciales` (`id_condiciones_comerciales`, `id_business_partnes`, `id_condicion`, `codigo_descuento`, `porcentaje`, `id_aplicacion`, `activo`) VALUES (150, 195, 31, 'RAD07', 0, 3, 1);
INSERT INTO `cat_condiciones_comerciales` (`id_condiciones_comerciales`, `id_business_partnes`, `id_condicion`, `codigo_descuento`, `porcentaje`, `id_aplicacion`, `activo`) VALUES (151, 195, 6, 'RAD08', 1, 3, 1);
INSERT INTO `cat_condiciones_comerciales` (`id_condiciones_comerciales`, `id_business_partnes`, `id_condicion`, `codigo_descuento`, `porcentaje`, `id_aplicacion`, `activo`) VALUES (152, 195, 32, 'RAD09', 1, 3, 1);
INSERT INTO `cat_condiciones_comerciales` (`id_condiciones_comerciales`, `id_business_partnes`, `id_condicion`, `codigo_descuento`, `porcentaje`, `id_aplicacion`, `activo`) VALUES (153, 421, 43, 'SEA99', 1, 3, 1);
INSERT INTO `cat_condiciones_comerciales` (`id_condiciones_comerciales`, `id_business_partnes`, `id_condicion`, `codigo_descuento`, `porcentaje`, `id_aplicacion`, `activo`) VALUES (154, 226, 43, 'SEAC99', 1, 3, 1);
INSERT INTO `cat_condiciones_comerciales` (`id_condiciones_comerciales`, `id_business_partnes`, `id_condicion`, `codigo_descuento`, `porcentaje`, `id_aplicacion`, `activo`) VALUES (155, 221, 6, 'COP03', 2, 3, 1);
INSERT INTO `cat_condiciones_comerciales` (`id_condiciones_comerciales`, `id_business_partnes`, `id_condicion`, `codigo_descuento`, `porcentaje`, `id_aplicacion`, `activo`) VALUES (156, 221, 43, 'COP04', 2, 3, 1);
INSERT INTO `cat_condiciones_comerciales` (`id_condiciones_comerciales`, `id_business_partnes`, `id_condicion`, `codigo_descuento`, `porcentaje`, `id_aplicacion`, `activo`) VALUES (157, 221, 2, 'COP05', 10, 3, 1);
INSERT INTO `cat_condiciones_comerciales` (`id_condiciones_comerciales`, `id_business_partnes`, `id_condicion`, `codigo_descuento`, `porcentaje`, `id_aplicacion`, `activo`) VALUES (158, 221, 18, 'COP06', 0, 3, 1);
INSERT INTO `cat_condiciones_comerciales` (`id_condiciones_comerciales`, `id_business_partnes`, `id_condicion`, `codigo_descuento`, `porcentaje`, `id_aplicacion`, `activo`) VALUES (159, 319, 1, 'AVA01', 2, 3, 1);
INSERT INTO `cat_condiciones_comerciales` (`id_condiciones_comerciales`, `id_business_partnes`, `id_condicion`, `codigo_descuento`, `porcentaje`, `id_aplicacion`, `activo`) VALUES (160, 319, 18, 'AVA02', 3, 3, 1);
INSERT INTO `cat_condiciones_comerciales` (`id_condiciones_comerciales`, `id_business_partnes`, `id_condicion`, `codigo_descuento`, `porcentaje`, `id_aplicacion`, `activo`) VALUES (161, 319, 12, 'AVA03', 0.5, 3, 1);
INSERT INTO `cat_condiciones_comerciales` (`id_condiciones_comerciales`, `id_business_partnes`, `id_condicion`, `codigo_descuento`, `porcentaje`, `id_aplicacion`, `activo`) VALUES (162, 319, 6, 'AVA04', 1.5, 3, 1);
INSERT INTO `cat_condiciones_comerciales` (`id_condiciones_comerciales`, `id_business_partnes`, `id_condicion`, `codigo_descuento`, `porcentaje`, `id_aplicacion`, `activo`) VALUES (163, 319, 2, 'AVA05', 10, 3, 1);
INSERT INTO `cat_condiciones_comerciales` (`id_condiciones_comerciales`, `id_business_partnes`, `id_condicion`, `codigo_descuento`, `porcentaje`, `id_aplicacion`, `activo`) VALUES (164, 196, 1, 'TAM01', 3, 3, 1);
INSERT INTO `cat_condiciones_comerciales` (`id_condiciones_comerciales`, `id_business_partnes`, `id_condicion`, `codigo_descuento`, `porcentaje`, `id_aplicacion`, `activo`) VALUES (165, 196, 18, 'TAM02', 3, 3, 1);
INSERT INTO `cat_condiciones_comerciales` (`id_condiciones_comerciales`, `id_business_partnes`, `id_condicion`, `codigo_descuento`, `porcentaje`, `id_aplicacion`, `activo`) VALUES (166, 196, 2, 'TAM03', 1.5, 3, 1);
INSERT INTO `cat_condiciones_comerciales` (`id_condiciones_comerciales`, `id_business_partnes`, `id_condicion`, `codigo_descuento`, `porcentaje`, `id_aplicacion`, `activo`) VALUES (167, 196, 42, 'TAM04', 2, 3, 1);
INSERT INTO `cat_condiciones_comerciales` (`id_condiciones_comerciales`, `id_business_partnes`, `id_condicion`, `codigo_descuento`, `porcentaje`, `id_aplicacion`, `activo`) VALUES (168, 221, 42, 'COP50', 1, 3, 1);
-- INSERT INTO `cat_condiciones_comerciales` (`id_condiciones_comerciales`, `id_business_partnes`, `id_condicion`, `codigo_descuento`, `porcentaje`, `id_aplicacion`, `activo`) VALUES (169, CIMACOPR, 1, 'CIM001', 4, 3, 1);
-- INSERT INTO `cat_condiciones_comerciales` (`id_condiciones_comerciales`, `id_business_partnes`, `id_condicion`, `codigo_descuento`, `porcentaje`, `id_aplicacion`, `activo`) VALUES (170, CIMACOPR, 2, 'CIM002', 8, 3, 1);
-- INSERT INTO `cat_condiciones_comerciales` (`id_condiciones_comerciales`, `id_business_partnes`, `id_condicion`, `codigo_descuento`, `porcentaje`, `id_aplicacion`, `activo`) VALUES (171, ELEKTRAPR, 1, 'ELKPR01', 4, 3, 1);
-- INSERT INTO `cat_condiciones_comerciales` (`id_condiciones_comerciales`, `id_business_partnes`, `id_condicion`, `codigo_descuento`, `porcentaje`, `id_aplicacion`, `activo`) VALUES (172, ELEKTRAPR, 2, 'ELKPR02', 4, 3, 1);
-- INSERT INTO `cat_condiciones_comerciales` (`id_condiciones_comerciales`, `id_business_partnes`, `id_condicion`, `codigo_descuento`, `porcentaje`, `id_aplicacion`, `activo`) VALUES (173, ELEKTRAPR, 4, 'ELKPR03', 9, 3, 1);
-- INSERT INTO `cat_condiciones_comerciales` (`id_condiciones_comerciales`, `id_business_partnes`, `id_condicion`, `codigo_descuento`, `porcentaje`, `id_aplicacion`, `activo`) VALUES (174, ELEKTRAEC, 1, 'ELKEC01', 4, 3, 1);
-- INSERT INTO `cat_condiciones_comerciales` (`id_condiciones_comerciales`, `id_business_partnes`, `id_condicion`, `codigo_descuento`, `porcentaje`, `id_aplicacion`, `activo`) VALUES (175, ELEKTRAEC, 2, 'ELKEC02', 4, 3, 1);
-- INSERT INTO `cat_condiciones_comerciales` (`id_condiciones_comerciales`, `id_business_partnes`, `id_condicion`, `codigo_descuento`, `porcentaje`, `id_aplicacion`, `activo`) VALUES (176, ELEKTRAEC, 5, 'ELKEC03', 0.5, 3, 1);
-- INSERT INTO `cat_condiciones_comerciales` (`id_condiciones_comerciales`, `id_business_partnes`, `id_condicion`, `codigo_descuento`, `porcentaje`, `id_aplicacion`, `activo`) VALUES (177, ELEKTRAEC, Sell In, 'ELKEC04', 3, 3, 1);
-- INSERT INTO `cat_condiciones_comerciales` (`id_condiciones_comerciales`, `id_business_partnes`, `id_condicion`, `codigo_descuento`, `porcentaje`, `id_aplicacion`, `activo`) VALUES (178, CHEDRAUIPR, 1, 'CHPR01', 4, 3, 1);
-- INSERT INTO `cat_condiciones_comerciales` (`id_condiciones_comerciales`, `id_business_partnes`, `id_condicion`, `codigo_descuento`, `porcentaje`, `id_aplicacion`, `activo`) VALUES (179, CHEDRAUIPR, 20, 'CHPR02', 3, 3, 1);
-- INSERT INTO `cat_condiciones_comerciales` (`id_condiciones_comerciales`, `id_business_partnes`, `id_condicion`, `codigo_descuento`, `porcentaje`, `id_aplicacion`, `activo`) VALUES (180, CHEDRAUIPR, 21, 'CHPR03', 0.5, 3, 1);
-- INSERT INTO `cat_condiciones_comerciales` (`id_condiciones_comerciales`, `id_business_partnes`, `id_condicion`, `codigo_descuento`, `porcentaje`, `id_aplicacion`, `activo`) VALUES (181, CHEDRAUIPR, Chedraui Link, 'CHPR04', 0.5, 3, 1);
-- INSERT INTO `cat_condiciones_comerciales` (`id_condiciones_comerciales`, `id_business_partnes`, `id_condicion`, `codigo_descuento`, `porcentaje`, `id_aplicacion`, `activo`) VALUES (182, CHEDRAUIPR, 29, 'CHPR05', 10.5, 3, 1);
-- INSERT INTO `cat_condiciones_comerciales` (`id_condiciones_comerciales`, `id_business_partnes`, `id_condicion`, `codigo_descuento`, `porcentaje`, `id_aplicacion`, `activo`) VALUES (183, CHEDRAUIPR, 24, 'CHPR06', 1, 3, 1);
-- INSERT INTO `cat_condiciones_comerciales` (`id_condiciones_comerciales`, `id_business_partnes`, `id_condicion`, `codigo_descuento`, `porcentaje`, `id_aplicacion`, `activo`) VALUES (184, CHEDRAUIPR, 2, 'CHPR07', 2, 3, 1);
-- INSERT INTO `cat_condiciones_comerciales` (`id_condiciones_comerciales`, `id_business_partnes`, `id_condicion`, `codigo_descuento`, `porcentaje`, `id_aplicacion`, `activo`) VALUES (185, TELEBODEGA, 1, 'TEL01', 4, 3, 1);
-- INSERT INTO `cat_condiciones_comerciales` (`id_condiciones_comerciales`, `id_business_partnes`, `id_condicion`, `codigo_descuento`, `porcentaje`, `id_aplicacion`, `activo`) VALUES (186, TELEBODEGA, 2, 'TEL02', 1.5, 3, 1);
-- INSERT INTO `cat_condiciones_comerciales` (`id_condiciones_comerciales`, `id_business_partnes`, `id_condicion`, `codigo_descuento`, `porcentaje`, `id_aplicacion`, `activo`) VALUES (187, TELEBODEGA, 18, 'TEL03', 0, 3, 1);
-- INSERT INTO `cat_condiciones_comerciales` (`id_condiciones_comerciales`, `id_business_partnes`, `id_condicion`, `codigo_descuento`, `porcentaje`, `id_aplicacion`, `activo`) VALUES (188, TELEBODEGA, 28, 'TEL04', 0, 3, 1);
-- INSERT INTO `cat_condiciones_comerciales` (`id_condiciones_comerciales`, `id_business_partnes`, `id_condicion`, `codigo_descuento`, `porcentaje`, `id_aplicacion`, `activo`) VALUES (189, TELEBODEGA, 29, 'TEL05', 0, 3, 1);
-- INSERT INTO `cat_condiciones_comerciales` (`id_condiciones_comerciales`, `id_business_partnes`, `id_condicion`, `codigo_descuento`, `porcentaje`, `id_aplicacion`, `activo`) VALUES (190, TELEBODEGA, 30, 'TEL06', 0, 3, 1);
-- INSERT INTO `cat_condiciones_comerciales` (`id_condiciones_comerciales`, `id_business_partnes`, `id_condicion`, `codigo_descuento`, `porcentaje`, `id_aplicacion`, `activo`) VALUES (191, TELEBODEGA, 31, 'TEL07', 0, 3, 1);
-- INSERT INTO `cat_condiciones_comerciales` (`id_condiciones_comerciales`, `id_business_partnes`, `id_condicion`, `codigo_descuento`, `porcentaje`, `id_aplicacion`, `activo`) VALUES (192, TELEBODEGA, 6, 'TEL08', 1, 3, 1);
-- INSERT INTO `cat_condiciones_comerciales` (`id_condiciones_comerciales`, `id_business_partnes`, `id_condicion`, `codigo_descuento`, `porcentaje`, `id_aplicacion`, `activo`) VALUES (193, TELEBODEGA, 32, 'TEL09', 1, 3, 1);
-- INSERT INTO `cat_condiciones_comerciales` (`id_condiciones_comerciales`, `id_business_partnes`, `id_condicion`, `codigo_descuento`, `porcentaje`, `id_aplicacion`, `activo`) VALUES (194, CMUEBLERO, 1, 'CM01', 4, 3, 1);
-- INSERT INTO `cat_condiciones_comerciales` (`id_condiciones_comerciales`, `id_business_partnes`, `id_condicion`, `codigo_descuento`, `porcentaje`, `id_aplicacion`, `activo`) VALUES (195, CMUEBLERO, 2, 'CM02', 1.5, 3, 1);
-- INSERT INTO `cat_condiciones_comerciales` (`id_condiciones_comerciales`, `id_business_partnes`, `id_condicion`, `codigo_descuento`, `porcentaje`, `id_aplicacion`, `activo`) VALUES (196, CMUEBLERO, 18, 'CM03', 0, 3, 1);
-- INSERT INTO `cat_condiciones_comerciales` (`id_condiciones_comerciales`, `id_business_partnes`, `id_condicion`, `codigo_descuento`, `porcentaje`, `id_aplicacion`, `activo`) VALUES (197, CMUEBLERO, 28, 'CM04', 0, 3, 1);
-- INSERT INTO `cat_condiciones_comerciales` (`id_condiciones_comerciales`, `id_business_partnes`, `id_condicion`, `codigo_descuento`, `porcentaje`, `id_aplicacion`, `activo`) VALUES (198, CMUEBLERO, 29, 'CM05', 0, 3, 1);
-- INSERT INTO `cat_condiciones_comerciales` (`id_condiciones_comerciales`, `id_business_partnes`, `id_condicion`, `codigo_descuento`, `porcentaje`, `id_aplicacion`, `activo`) VALUES (199, CMUEBLERO, 30, 'CM06', 0, 3, 1);
-- INSERT INTO `cat_condiciones_comerciales` (`id_condiciones_comerciales`, `id_business_partnes`, `id_condicion`, `codigo_descuento`, `porcentaje`, `id_aplicacion`, `activo`) VALUES (200, CMUEBLERO, 31, 'CM07', 0, 3, 1);
-- INSERT INTO `cat_condiciones_comerciales` (`id_condiciones_comerciales`, `id_business_partnes`, `id_condicion`, `codigo_descuento`, `porcentaje`, `id_aplicacion`, `activo`) VALUES (201, CMUEBLERO, 6, 'CM08', 1, 3, 1);
-- INSERT INTO `cat_condiciones_comerciales` (`id_condiciones_comerciales`, `id_business_partnes`, `id_condicion`, `codigo_descuento`, `porcentaje`, `id_aplicacion`, `activo`) VALUES (202, CMUEBLERO, 32, 'CM09', 1, 3, 1);

COMMIT;


-- -----------------------------------------------------
-- Data for table `cat_tipo_cotizacion`
-- -----------------------------------------------------
START TRANSACTION;
INSERT INTO `cat_tipo_cotizacion` (`id_tipo_cotizacion`, `concepto`, `activo`) VALUES (1, 'Clave', 1);
INSERT INTO `cat_tipo_cotizacion` (`id_tipo_cotizacion`, `concepto`, `activo`) VALUES (2, 'PT', 1);
INSERT INTO `cat_tipo_cotizacion` (`id_tipo_cotizacion`, `concepto`, `activo`) VALUES (3, 'Clave y PT', 1);

COMMIT;


-- -----------------------------------------------------
-- Data for table `cat_estatus`
-- -----------------------------------------------------
START TRANSACTION;
INSERT INTO `cat_estatus` (`id_estatus`, `concepto`, `activo`) VALUES (1, 'Temporal', 1);
INSERT INTO `cat_estatus` (`id_estatus`, `concepto`, `activo`) VALUES (2, 'Terminada', 1);
INSERT INTO `cat_estatus` (`id_estatus`, `concepto`, `activo`) VALUES (3, 'Pendiente', 1);
INSERT INTO `cat_estatus` (`id_estatus`, `concepto`, `activo`) VALUES (4, 'Aprobada', 1);
INSERT INTO `cat_estatus` (`id_estatus`, `concepto`, `activo`) VALUES (5, 'Rechazada', 1);
INSERT INTO `cat_estatus` (`id_estatus`, `concepto`, `activo`) VALUES (6, 'Nueva', 1);

COMMIT;


-- -----------------------------------------------------
-- Data for table `cat_claves`
-- -----------------------------------------------------
START TRANSACTION;
INSERT INTO `cat_claves` (`id_claves`, `concepto`, `mts_1`, `mts_2`, `mts_3`, `mts_4`, `pata_1`, `pata_2`, `herraje_1`, `herraje_2`, `ebanisteria_1`, `ebanisteria_2`, `ebanisteria_3`, `maquinas`, `pegado_hule`, `armado`, `blanco`, `costura`, `tapiceria`, `total`, `mano_de_obra`, `porcentaje`, `imagen`) VALUES (1, 'SE-89', 13.18, 1.47, 0, 0, 10, 0, 0, 0, 0, 0, 0, 0, 0, 0, 0, 0, 0, 0, 977, 0, 'SE-89');
INSERT INTO `cat_claves` (`id_claves`, `concepto`, `mts_1`, `mts_2`, `mts_3`, `mts_4`, `pata_1`, `pata_2`, `herraje_1`, `herraje_2`, `ebanisteria_1`, `ebanisteria_2`, `ebanisteria_3`, `maquinas`, `pegado_hule`, `armado`, `blanco`, `costura`, `tapiceria`, `total`, `mano_de_obra`, `porcentaje`, `imagen`) VALUES (2, 'SC-606.5', 6.31, 0.63, 0, 0, 4, 0, 0, 0, 0, 0, 0, 0, 0, 0, 0, 0, 0, 0, 500, 0, 'SC-606.5');
INSERT INTO `cat_claves` (`id_claves`, `concepto`, `mts_1`, `mts_2`, `mts_3`, `mts_4`, `pata_1`, `pata_2`, `herraje_1`, `herraje_2`, `ebanisteria_1`, `ebanisteria_2`, `ebanisteria_3`, `maquinas`, `pegado_hule`, `armado`, `blanco`, `costura`, `tapiceria`, `total`, `mano_de_obra`, `porcentaje`, `imagen`) VALUES (3, 'SRBX-253', 6.1, 0, 0, 0, 0, 0, 1, 0, 0, 0, 0, 0, 0, 0, 0, 0, 0, 0, 545, 0, 'SRBX-253');
INSERT INTO `cat_claves` (`id_claves`, `concepto`, `mts_1`, `mts_2`, `mts_3`, `mts_4`, `pata_1`, `pata_2`, `herraje_1`, `herraje_2`, `ebanisteria_1`, `ebanisteria_2`, `ebanisteria_3`, `maquinas`, `pegado_hule`, `armado`, `blanco`, `costura`, `tapiceria`, `total`, `mano_de_obra`, `porcentaje`, `imagen`) VALUES (4, 'SC-602.5', 6.25, 0.63, 0, 0, 4, 0, 0, 0, 0, 0, 0, 0, 0, 0, 0, 0, 0, 0, 480, 0, 'SC-602.5');
INSERT INTO `cat_claves` (`id_claves`, `concepto`, `mts_1`, `mts_2`, `mts_3`, `mts_4`, `pata_1`, `pata_2`, `herraje_1`, `herraje_2`, `ebanisteria_1`, `ebanisteria_2`, `ebanisteria_3`, `maquinas`, `pegado_hule`, `armado`, `blanco`, `costura`, `tapiceria`, `total`, `mano_de_obra`, `porcentaje`, `imagen`) VALUES (5, 'SC-601.5', 8.48, 0.7, 0, 0, 4, 0, 0, 0, 0, 0, 0, 0, 0, 0, 0, 0, 0, 0, 514, 0, 'SC-601.5');
INSERT INTO `cat_claves` (`id_claves`, `concepto`, `mts_1`, `mts_2`, `mts_3`, `mts_4`, `pata_1`, `pata_2`, `herraje_1`, `herraje_2`, `ebanisteria_1`, `ebanisteria_2`, `ebanisteria_3`, `maquinas`, `pegado_hule`, `armado`, `blanco`, `costura`, `tapiceria`, `total`, `mano_de_obra`, `porcentaje`, `imagen`) VALUES (6, 'SRB-244.5', 5.11, 0, 0, 0, 0, 0, 1, 0, 0, 0, 0, 0, 0, 0, 0, 0, 0, 0, 494, 0, 'SRB-244.5');
INSERT INTO `cat_claves` (`id_claves`, `concepto`, `mts_1`, `mts_2`, `mts_3`, `mts_4`, `pata_1`, `pata_2`, `herraje_1`, `herraje_2`, `ebanisteria_1`, `ebanisteria_2`, `ebanisteria_3`, `maquinas`, `pegado_hule`, `armado`, `blanco`, `costura`, `tapiceria`, `total`, `mano_de_obra`, `porcentaje`, `imagen`) VALUES (7, 'SRE-247.5', 4.43, 0, 0, 0, 4, 0, 0, 0, 0, 0, 0, 0, 0, 0, 0, 0, 0, 0, 430, 0, 'SRE-247.5');
INSERT INTO `cat_claves` (`id_claves`, `concepto`, `mts_1`, `mts_2`, `mts_3`, `mts_4`, `pata_1`, `pata_2`, `herraje_1`, `herraje_2`, `ebanisteria_1`, `ebanisteria_2`, `ebanisteria_3`, `maquinas`, `pegado_hule`, `armado`, `blanco`, `costura`, `tapiceria`, `total`, `mano_de_obra`, `porcentaje`, `imagen`) VALUES (8, 'SC-605', 5.24, 0.63, 0, 0, 4, 0, 0, 0, 0, 0, 0, 0, 0, 0, 0, 0, 0, 0, 520, 0, 'SC-605');
INSERT INTO `cat_claves` (`id_claves`, `concepto`, `mts_1`, `mts_2`, `mts_3`, `mts_4`, `pata_1`, `pata_2`, `herraje_1`, `herraje_2`, `ebanisteria_1`, `ebanisteria_2`, `ebanisteria_3`, `maquinas`, `pegado_hule`, `armado`, `blanco`, `costura`, `tapiceria`, `total`, `mano_de_obra`, `porcentaje`, `imagen`) VALUES (9, 'SC-584', 8.98, 0.63, 0, 0, 4, 0, 0, 0, 0, 0, 0, 0, 0, 0, 0, 0, 0, 0, 504, 0, 'SC-584');
INSERT INTO `cat_claves` (`id_claves`, `concepto`, `mts_1`, `mts_2`, `mts_3`, `mts_4`, `pata_1`, `pata_2`, `herraje_1`, `herraje_2`, `ebanisteria_1`, `ebanisteria_2`, `ebanisteria_3`, `maquinas`, `pegado_hule`, `armado`, `blanco`, `costura`, `tapiceria`, `total`, `mano_de_obra`, `porcentaje`, `imagen`) VALUES (10, 'SRE-252', 2.38, 0, 0, 0, 0, 0, 0, 0, 1, 0, 0, 0, 0, 0, 0, 0, 0, 0, 330, 0, 'SRE-252');
INSERT INTO `cat_claves` (`id_claves`, `concepto`, `mts_1`, `mts_2`, `mts_3`, `mts_4`, `pata_1`, `pata_2`, `herraje_1`, `herraje_2`, `ebanisteria_1`, `ebanisteria_2`, `ebanisteria_3`, `maquinas`, `pegado_hule`, `armado`, `blanco`, `costura`, `tapiceria`, `total`, `mano_de_obra`, `porcentaje`, `imagen`) VALUES (11, 'SRBE-249', 4.14, 0, 0, 0, 0, 0, 1, 0, 0, 0, 0, 11, 5, 18, 12, 45, 32, 123, 260, 211.38, 'SRBE-249');
INSERT INTO `cat_claves` (`id_claves`, `concepto`, `mts_1`, `mts_2`, `mts_3`, `mts_4`, `pata_1`, `pata_2`, `herraje_1`, `herraje_2`, `ebanisteria_1`, `ebanisteria_2`, `ebanisteria_3`, `maquinas`, `pegado_hule`, `armado`, `blanco`, `costura`, `tapiceria`, `total`, `mano_de_obra`, `porcentaje`, `imagen`) VALUES (12, 'SRBE-250', 4.01, 0, 0, 0, 0, 0, 1, 0, 0, 0, 0, 11, 5, 19, 15, 39, 37, 126, 265, 210.32, 'SRBE-250');
INSERT INTO `cat_claves` (`id_claves`, `concepto`, `mts_1`, `mts_2`, `mts_3`, `mts_4`, `pata_1`, `pata_2`, `herraje_1`, `herraje_2`, `ebanisteria_1`, `ebanisteria_2`, `ebanisteria_3`, `maquinas`, `pegado_hule`, `armado`, `blanco`, `costura`, `tapiceria`, `total`, `mano_de_obra`, `porcentaje`, `imagen`) VALUES (13, 'SC-567', 5.38, 0, 0, 0, 1, 0, 0, 0, 0, 0, 0, 12, 10, 30, 26, 54, 50, 182, 423, 232.42, 'SC-567');
INSERT INTO `cat_claves` (`id_claves`, `concepto`, `mts_1`, `mts_2`, `mts_3`, `mts_4`, `pata_1`, `pata_2`, `herraje_1`, `herraje_2`, `ebanisteria_1`, `ebanisteria_2`, `ebanisteria_3`, `maquinas`, `pegado_hule`, `armado`, `blanco`, `costura`, `tapiceria`, `total`, `mano_de_obra`, `porcentaje`, `imagen`) VALUES (14, 'SC-546', 9.97, 0.32, 0, 0, 4, 0, 0, 0, 0, 0, 0, 18, 19, 30, 32, 75, 65, 239, 505, 211.3, 'SC-546');
INSERT INTO `cat_claves` (`id_claves`, `concepto`, `mts_1`, `mts_2`, `mts_3`, `mts_4`, `pata_1`, `pata_2`, `herraje_1`, `herraje_2`, `ebanisteria_1`, `ebanisteria_2`, `ebanisteria_3`, `maquinas`, `pegado_hule`, `armado`, `blanco`, `costura`, `tapiceria`, `total`, `mano_de_obra`, `porcentaje`, `imagen`) VALUES (15, 'SRE-246', 3.94, 0, 0, 0, 4, 0, 0, 0, 0, 0, 0, 11, 16, 26, 17, 31, 35, 136, 300, 220.59, 'SRE-246');
INSERT INTO `cat_claves` (`id_claves`, `concepto`, `mts_1`, `mts_2`, `mts_3`, `mts_4`, `pata_1`, `pata_2`, `herraje_1`, `herraje_2`, `ebanisteria_1`, `ebanisteria_2`, `ebanisteria_3`, `maquinas`, `pegado_hule`, `armado`, `blanco`, `costura`, `tapiceria`, `total`, `mano_de_obra`, `porcentaje`, `imagen`) VALUES (16, 'SC-487', 6.27, 0.63, 0, 0, 4, 0, 0, 0, 0, 0, 0, 12, 30, 30, 26, 77, 55, 230, 490, 213.04, 'SC-487');
INSERT INTO `cat_claves` (`id_claves`, `concepto`, `mts_1`, `mts_2`, `mts_3`, `mts_4`, `pata_1`, `pata_2`, `herraje_1`, `herraje_2`, `ebanisteria_1`, `ebanisteria_2`, `ebanisteria_3`, `maquinas`, `pegado_hule`, `armado`, `blanco`, `costura`, `tapiceria`, `total`, `mano_de_obra`, `porcentaje`, `imagen`) VALUES (17, 'SRE-242', 4.51, 0, 0, 0, 4, 0, 0, 0, 0, 0, 0, 11, 14, 26, 17, 45, 34, 147, 310, 210.88, 'SRE-242');
INSERT INTO `cat_claves` (`id_claves`, `concepto`, `mts_1`, `mts_2`, `mts_3`, `mts_4`, `pata_1`, `pata_2`, `herraje_1`, `herraje_2`, `ebanisteria_1`, `ebanisteria_2`, `ebanisteria_3`, `maquinas`, `pegado_hule`, `armado`, `blanco`, `costura`, `tapiceria`, `total`, `mano_de_obra`, `porcentaje`, `imagen`) VALUES (18, 'SRE-225.9', 4.48, 0.16, 0, 0, 4, 0, 0, 0, 0, 0, 0, 11, 3, 26, 17, 68, 37, 162, 329, 203.09, 'SRE-225.9');
INSERT INTO `cat_claves` (`id_claves`, `concepto`, `mts_1`, `mts_2`, `mts_3`, `mts_4`, `pata_1`, `pata_2`, `herraje_1`, `herraje_2`, `ebanisteria_1`, `ebanisteria_2`, `ebanisteria_3`, `maquinas`, `pegado_hule`, `armado`, `blanco`, `costura`, `tapiceria`, `total`, `mano_de_obra`, `porcentaje`, `imagen`) VALUES (19, 'SRE-224.9', 4.84, 0, 0, 0, 4, 0, 0, 0, 0, 0, 0, 11, 5, 26, 17, 93, 40, 192, 390, 203.13, 'SRE-224.9');
INSERT INTO `cat_claves` (`id_claves`, `concepto`, `mts_1`, `mts_2`, `mts_3`, `mts_4`, `pata_1`, `pata_2`, `herraje_1`, `herraje_2`, `ebanisteria_1`, `ebanisteria_2`, `ebanisteria_3`, `maquinas`, `pegado_hule`, `armado`, `blanco`, `costura`, `tapiceria`, `total`, `mano_de_obra`, `porcentaje`, `imagen`) VALUES (20, 'SRE-225', 4.74, 0, 0, 0, 4, 0, 0, 0, 0, 0, 0, 0, 0, 0, 0, 0, 0, 0, 329, 0, 'SRE-225');
INSERT INTO `cat_claves` (`id_claves`, `concepto`, `mts_1`, `mts_2`, `mts_3`, `mts_4`, `pata_1`, `pata_2`, `herraje_1`, `herraje_2`, `ebanisteria_1`, `ebanisteria_2`, `ebanisteria_3`, `maquinas`, `pegado_hule`, `armado`, `blanco`, `costura`, `tapiceria`, `total`, `mano_de_obra`, `porcentaje`, `imagen`) VALUES (21, 'SRE-224', 4.84, 0, 0, 0, 4, 0, 0, 0, 0, 0, 0, 11, 5, 26, 17, 93, 40, 192, 390, 203.13, 'SRE-224');
INSERT INTO `cat_claves` (`id_claves`, `concepto`, `mts_1`, `mts_2`, `mts_3`, `mts_4`, `pata_1`, `pata_2`, `herraje_1`, `herraje_2`, `ebanisteria_1`, `ebanisteria_2`, `ebanisteria_3`, `maquinas`, `pegado_hule`, `armado`, `blanco`, `costura`, `tapiceria`, `total`, `mano_de_obra`, `porcentaje`, `imagen`) VALUES (22, 'SRE-206.5', 4.04, 0, 0, 0, 4, 0, 0, 0, 0, 0, 0, 0, 0, 0, 0, 0, 0, 0, 260, 0, 'SRE-206.5');
INSERT INTO `cat_claves` (`id_claves`, `concepto`, `mts_1`, `mts_2`, `mts_3`, `mts_4`, `pata_1`, `pata_2`, `herraje_1`, `herraje_2`, `ebanisteria_1`, `ebanisteria_2`, `ebanisteria_3`, `maquinas`, `pegado_hule`, `armado`, `blanco`, `costura`, `tapiceria`, `total`, `mano_de_obra`, `porcentaje`, `imagen`) VALUES (23, 'SRE-206.9', 4.04, 0, 0, 0, 4, 0, 0, 0, 0, 0, 0, 0, 0, 0, 0, 0, 0, 0, 260, 0, 'SRE-206.9');
INSERT INTO `cat_claves` (`id_claves`, `concepto`, `mts_1`, `mts_2`, `mts_3`, `mts_4`, `pata_1`, `pata_2`, `herraje_1`, `herraje_2`, `ebanisteria_1`, `ebanisteria_2`, `ebanisteria_3`, `maquinas`, `pegado_hule`, `armado`, `blanco`, `costura`, `tapiceria`, `total`, `mano_de_obra`, `porcentaje`, `imagen`) VALUES (24, 'SRE-206', 4.06, 0, 0, 0, 4, 0, 0, 0, 0, 0, 0, 11, 5, 18, 12, 45, 32, 123, 260, 211.38, 'SRE-206');
INSERT INTO `cat_claves` (`id_claves`, `concepto`, `mts_1`, `mts_2`, `mts_3`, `mts_4`, `pata_1`, `pata_2`, `herraje_1`, `herraje_2`, `ebanisteria_1`, `ebanisteria_2`, `ebanisteria_3`, `maquinas`, `pegado_hule`, `armado`, `blanco`, `costura`, `tapiceria`, `total`, `mano_de_obra`, `porcentaje`, `imagen`) VALUES (25, 'SRE-200', 4.6, 0, 0, 0, 4, 0, 0, 0, 0, 0, 0, 11, 5, 19, 15, 39, 37, 126, 265, 210.32, 'SRE-200');
INSERT INTO `cat_claves` (`id_claves`, `concepto`, `mts_1`, `mts_2`, `mts_3`, `mts_4`, `pata_1`, `pata_2`, `herraje_1`, `herraje_2`, `ebanisteria_1`, `ebanisteria_2`, `ebanisteria_3`, `maquinas`, `pegado_hule`, `armado`, `blanco`, `costura`, `tapiceria`, `total`, `mano_de_obra`, `porcentaje`, `imagen`) VALUES (26, 'SRE-199', 4.2, 0, 0, 0, 4, 0, 0, 0, 0, 0, 0, 11, 5, 23, 12, 57, 32, 140, 290, 207.14, 'SRE-199');
INSERT INTO `cat_claves` (`id_claves`, `concepto`, `mts_1`, `mts_2`, `mts_3`, `mts_4`, `pata_1`, `pata_2`, `herraje_1`, `herraje_2`, `ebanisteria_1`, `ebanisteria_2`, `ebanisteria_3`, `maquinas`, `pegado_hule`, `armado`, `blanco`, `costura`, `tapiceria`, `total`, `mano_de_obra`, `porcentaje`, `imagen`) VALUES (27, 'SRE-197.9', 8.1, 0, 0, 0, 6, 0, 0, 0, 0, 0, 0, 0, 0, 0, 0, 0, 0, 0, 630, 0, 'SRE-197.9');
INSERT INTO `cat_claves` (`id_claves`, `concepto`, `mts_1`, `mts_2`, `mts_3`, `mts_4`, `pata_1`, `pata_2`, `herraje_1`, `herraje_2`, `ebanisteria_1`, `ebanisteria_2`, `ebanisteria_3`, `maquinas`, `pegado_hule`, `armado`, `blanco`, `costura`, `tapiceria`, `total`, `mano_de_obra`, `porcentaje`, `imagen`) VALUES (28, 'SC-585.5', 7.43, 0.63, 0, 0, 4, 0, 0, 0, 0, 0, 0, 0, 0, 0, 0, 0, 0, 0, 475, 0, 'SC-585.5');
INSERT INTO `cat_claves` (`id_claves`, `concepto`, `mts_1`, `mts_2`, `mts_3`, `mts_4`, `pata_1`, `pata_2`, `herraje_1`, `herraje_2`, `ebanisteria_1`, `ebanisteria_2`, `ebanisteria_3`, `maquinas`, `pegado_hule`, `armado`, `blanco`, `costura`, `tapiceria`, `total`, `mano_de_obra`, `porcentaje`, `imagen`) VALUES (29, 'SC-585', 7.5, 0, 0, 0, 4, 0, 0, 0, 0, 0, 0, 18, 25, 30, 26, 70, 55, 224, 493, 220.09, 'SC-585');
INSERT INTO `cat_claves` (`id_claves`, `concepto`, `mts_1`, `mts_2`, `mts_3`, `mts_4`, `pata_1`, `pata_2`, `herraje_1`, `herraje_2`, `ebanisteria_1`, `ebanisteria_2`, `ebanisteria_3`, `maquinas`, `pegado_hule`, `armado`, `blanco`, `costura`, `tapiceria`, `total`, `mano_de_obra`, `porcentaje`, `imagen`) VALUES (30, 'SC-584.5', 0, 0, 0, 0, 0, 0, 0, 0, 0, 0, 0, 18, 23, 30, 26, 81, 55, 233, 504, 216.31, 'SC-584.5');
INSERT INTO `cat_claves` (`id_claves`, `concepto`, `mts_1`, `mts_2`, `mts_3`, `mts_4`, `pata_1`, `pata_2`, `herraje_1`, `herraje_2`, `ebanisteria_1`, `ebanisteria_2`, `ebanisteria_3`, `maquinas`, `pegado_hule`, `armado`, `blanco`, `costura`, `tapiceria`, `total`, `mano_de_obra`, `porcentaje`, `imagen`) VALUES (31, 'SC-583', 9.69, 0.63, 0, 0, 1, 4, 0, 0, 0, 0, 0, 12, 23, 30, 17, 42, 55, 179, 493, 275.42, 'SC-583');
INSERT INTO `cat_claves` (`id_claves`, `concepto`, `mts_1`, `mts_2`, `mts_3`, `mts_4`, `pata_1`, `pata_2`, `herraje_1`, `herraje_2`, `ebanisteria_1`, `ebanisteria_2`, `ebanisteria_3`, `maquinas`, `pegado_hule`, `armado`, `blanco`, `costura`, `tapiceria`, `total`, `mano_de_obra`, `porcentaje`, `imagen`) VALUES (32, 'SC-582.9', 0, 0, 0, 0, 0, 0, 0, 0, 0, 0, 0, 0, 0, 0, 0, 0, 0, 0, 416, 0, 'SC-582.9');
INSERT INTO `cat_claves` (`id_claves`, `concepto`, `mts_1`, `mts_2`, `mts_3`, `mts_4`, `pata_1`, `pata_2`, `herraje_1`, `herraje_2`, `ebanisteria_1`, `ebanisteria_2`, `ebanisteria_3`, `maquinas`, `pegado_hule`, `armado`, `blanco`, `costura`, `tapiceria`, `total`, `mano_de_obra`, `porcentaje`, `imagen`) VALUES (33, 'SC-582', 6.7, 0, 0, 0, 4, 0, 0, 0, 0, 0, 0, 0, 0, 0, 0, 0, 0, 0, 416, 0, 'SC-582');
INSERT INTO `cat_claves` (`id_claves`, `concepto`, `mts_1`, `mts_2`, `mts_3`, `mts_4`, `pata_1`, `pata_2`, `herraje_1`, `herraje_2`, `ebanisteria_1`, `ebanisteria_2`, `ebanisteria_3`, `maquinas`, `pegado_hule`, `armado`, `blanco`, `costura`, `tapiceria`, `total`, `mano_de_obra`, `porcentaje`, `imagen`) VALUES (34, 'SC-581.9', 0, 0, 0, 0, 0, 0, 0, 0, 0, 0, 0, 18, 23, 25, 25, 76, 60, 227, 460, 202.64, 'SC-581.9');
INSERT INTO `cat_claves` (`id_claves`, `concepto`, `mts_1`, `mts_2`, `mts_3`, `mts_4`, `pata_1`, `pata_2`, `herraje_1`, `herraje_2`, `ebanisteria_1`, `ebanisteria_2`, `ebanisteria_3`, `maquinas`, `pegado_hule`, `armado`, `blanco`, `costura`, `tapiceria`, `total`, `mano_de_obra`, `porcentaje`, `imagen`) VALUES (35, 'SC-581', 5.81, 0.51, 0, 0, 8, 0, 0, 0, 1, 1, 0, 0, 0, 0, 0, 0, 0, 0, 460, 0, 'SC-581');
INSERT INTO `cat_claves` (`id_claves`, `concepto`, `mts_1`, `mts_2`, `mts_3`, `mts_4`, `pata_1`, `pata_2`, `herraje_1`, `herraje_2`, `ebanisteria_1`, `ebanisteria_2`, `ebanisteria_3`, `maquinas`, `pegado_hule`, `armado`, `blanco`, `costura`, `tapiceria`, `total`, `mano_de_obra`, `porcentaje`, `imagen`) VALUES (36, 'SC-580', 8.18, 0, 0, 0, 4, 0, 0, 0, 0, 0, 0, 0, 0, 0, 0, 0, 0, 0, 410, 0, 'SC-580');
INSERT INTO `cat_claves` (`id_claves`, `concepto`, `mts_1`, `mts_2`, `mts_3`, `mts_4`, `pata_1`, `pata_2`, `herraje_1`, `herraje_2`, `ebanisteria_1`, `ebanisteria_2`, `ebanisteria_3`, `maquinas`, `pegado_hule`, `armado`, `blanco`, `costura`, `tapiceria`, `total`, `mano_de_obra`, `porcentaje`, `imagen`) VALUES (37, 'SC-570', 0, 0, 0, 0, 0, 0, 0, 0, 0, 0, 0, 18, 23, 30, 26, 60, 35, 192, 536, 279.17, 'SC-570');
INSERT INTO `cat_claves` (`id_claves`, `concepto`, `mts_1`, `mts_2`, `mts_3`, `mts_4`, `pata_1`, `pata_2`, `herraje_1`, `herraje_2`, `ebanisteria_1`, `ebanisteria_2`, `ebanisteria_3`, `maquinas`, `pegado_hule`, `armado`, `blanco`, `costura`, `tapiceria`, `total`, `mano_de_obra`, `porcentaje`, `imagen`) VALUES (38, 'SC-569.9', 0, 0, 0, 0, 0, 0, 0, 0, 0, 0, 0, 20, 10, 30, 26, 52, 50, 188, 423, 225, 'SC-569.9');
INSERT INTO `cat_claves` (`id_claves`, `concepto`, `mts_1`, `mts_2`, `mts_3`, `mts_4`, `pata_1`, `pata_2`, `herraje_1`, `herraje_2`, `ebanisteria_1`, `ebanisteria_2`, `ebanisteria_3`, `maquinas`, `pegado_hule`, `armado`, `blanco`, `costura`, `tapiceria`, `total`, `mano_de_obra`, `porcentaje`, `imagen`) VALUES (39, 'SC-594', 5.55, 0, 0, 0, 4, 0, 0, 0, 1, 0, 0, 0, 0, 0, 0, 0, 0, 0, 535, 0, 'SC-594');
INSERT INTO `cat_claves` (`id_claves`, `concepto`, `mts_1`, `mts_2`, `mts_3`, `mts_4`, `pata_1`, `pata_2`, `herraje_1`, `herraje_2`, `ebanisteria_1`, `ebanisteria_2`, `ebanisteria_3`, `maquinas`, `pegado_hule`, `armado`, `blanco`, `costura`, `tapiceria`, `total`, `mano_de_obra`, `porcentaje`, `imagen`) VALUES (40, 'SC-596', 7.33, 0, 0, 0, 8, 0, 0, 0, 1, 1, 0, 18, 23, 25, 39, 105, 61, 271, 550, 202.95, 'SC-596');
INSERT INTO `cat_claves` (`id_claves`, `concepto`, `mts_1`, `mts_2`, `mts_3`, `mts_4`, `pata_1`, `pata_2`, `herraje_1`, `herraje_2`, `ebanisteria_1`, `ebanisteria_2`, `ebanisteria_3`, `maquinas`, `pegado_hule`, `armado`, `blanco`, `costura`, `tapiceria`, `total`, `mano_de_obra`, `porcentaje`, `imagen`) VALUES (41, 'SC-598', 1, 0, 0, 0, 0, 0, 0, 0, 0, 0, 0, 18, 23, 30, 29, 62, 51, 213, 565, 265.26, 'SC-598');
INSERT INTO `cat_claves` (`id_claves`, `concepto`, `mts_1`, `mts_2`, `mts_3`, `mts_4`, `pata_1`, `pata_2`, `herraje_1`, `herraje_2`, `ebanisteria_1`, `ebanisteria_2`, `ebanisteria_3`, `maquinas`, `pegado_hule`, `armado`, `blanco`, `costura`, `tapiceria`, `total`, `mano_de_obra`, `porcentaje`, `imagen`) VALUES (42, 'SC-600', 5.79, 0, 0, 0, 4, 0, 0, 0, 0, 0, 0, 12, 23, 22, 12, 72, 40, 181, 404, 223.2, 'SC-600');
INSERT INTO `cat_claves` (`id_claves`, `concepto`, `mts_1`, `mts_2`, `mts_3`, `mts_4`, `pata_1`, `pata_2`, `herraje_1`, `herraje_2`, `ebanisteria_1`, `ebanisteria_2`, `ebanisteria_3`, `maquinas`, `pegado_hule`, `armado`, `blanco`, `costura`, `tapiceria`, `total`, `mano_de_obra`, `porcentaje`, `imagen`) VALUES (43, 'SC-601', 9.14, 0, 0, 0, 4, 0, 0, 0, 0, 0, 0, 18, 25, 30, 29, 75, 56, 233, 514, 220.6, 'SC-601');
INSERT INTO `cat_claves` (`id_claves`, `concepto`, `mts_1`, `mts_2`, `mts_3`, `mts_4`, `pata_1`, `pata_2`, `herraje_1`, `herraje_2`, `ebanisteria_1`, `ebanisteria_2`, `ebanisteria_3`, `maquinas`, `pegado_hule`, `armado`, `blanco`, `costura`, `tapiceria`, `total`, `mano_de_obra`, `porcentaje`, `imagen`) VALUES (44, 'SC-602', 1, 0, 0, 0, 0, 0, 0, 0, 0, 0, 0, 12, 27, 17, 12, 40, 41, 149, 452, 303.36, 'SC-602');
INSERT INTO `cat_claves` (`id_claves`, `concepto`, `mts_1`, `mts_2`, `mts_3`, `mts_4`, `pata_1`, `pata_2`, `herraje_1`, `herraje_2`, `ebanisteria_1`, `ebanisteria_2`, `ebanisteria_3`, `maquinas`, `pegado_hule`, `armado`, `blanco`, `costura`, `tapiceria`, `total`, `mano_de_obra`, `porcentaje`, `imagen`) VALUES (45, 'SCE-481', 4.94, 0, 0, 0, 4, 0, 0, 0, 0, 0, 0, 0, 0, 0, 0, 0, 0, 0, 416, 0, 'SCE-481');
INSERT INTO `cat_claves` (`id_claves`, `concepto`, `mts_1`, `mts_2`, `mts_3`, `mts_4`, `pata_1`, `pata_2`, `herraje_1`, `herraje_2`, `ebanisteria_1`, `ebanisteria_2`, `ebanisteria_3`, `maquinas`, `pegado_hule`, `armado`, `blanco`, `costura`, `tapiceria`, `total`, `mano_de_obra`, `porcentaje`, `imagen`) VALUES (46, 'SCE-440', 1, 0, 0, 0, 0, 0, 0, 0, 0, 0, 0, 12, 23, 20, 17, 26, 35, 133, 290, 218.05, 'SCE-440');
INSERT INTO `cat_claves` (`id_claves`, `concepto`, `mts_1`, `mts_2`, `mts_3`, `mts_4`, `pata_1`, `pata_2`, `herraje_1`, `herraje_2`, `ebanisteria_1`, `ebanisteria_2`, `ebanisteria_3`, `maquinas`, `pegado_hule`, `armado`, `blanco`, `costura`, `tapiceria`, `total`, `mano_de_obra`, `porcentaje`, `imagen`) VALUES (47, 'SCE-481.9', 4.94, 0, 0, 0, 4, 0, 0, 0, 0, 0, 0, 12, 14, 30, 26, 57, 50, 189, 416, 220.11, 'SCE-481.9');
INSERT INTO `cat_claves` (`id_claves`, `concepto`, `mts_1`, `mts_2`, `mts_3`, `mts_4`, `pata_1`, `pata_2`, `herraje_1`, `herraje_2`, `ebanisteria_1`, `ebanisteria_2`, `ebanisteria_3`, `maquinas`, `pegado_hule`, `armado`, `blanco`, `costura`, `tapiceria`, `total`, `mano_de_obra`, `porcentaje`, `imagen`) VALUES (48, 'SCE-483', 1, 0, 0, 0, 0, 0, 0, 0, 0, 0, 0, 18, 30, 30, 22, 92, 30, 222, 450, 202.7, 'SCE-483');
INSERT INTO `cat_claves` (`id_claves`, `concepto`, `mts_1`, `mts_2`, `mts_3`, `mts_4`, `pata_1`, `pata_2`, `herraje_1`, `herraje_2`, `ebanisteria_1`, `ebanisteria_2`, `ebanisteria_3`, `maquinas`, `pegado_hule`, `armado`, `blanco`, `costura`, `tapiceria`, `total`, `mano_de_obra`, `porcentaje`, `imagen`) VALUES (49, 'SR-258', 4.11, 0, 0, 0, 4, 0, 0, 0, 0, 0, 0, 0, 0, 0, 0, 0, 0, 0, 300, 0, 'SR-258');
INSERT INTO `cat_claves` (`id_claves`, `concepto`, `mts_1`, `mts_2`, `mts_3`, `mts_4`, `pata_1`, `pata_2`, `herraje_1`, `herraje_2`, `ebanisteria_1`, `ebanisteria_2`, `ebanisteria_3`, `maquinas`, `pegado_hule`, `armado`, `blanco`, `costura`, `tapiceria`, `total`, `mano_de_obra`, `porcentaje`, `imagen`) VALUES (50, 'SCE-512', 3.44, 0, 0, 0, 0, 0, 0, 0, 1, 0, 0, 21, 19, 30, 12, 25, 35, 142, 310, 218.31, 'SCE-512');
INSERT INTO `cat_claves` (`id_claves`, `concepto`, `mts_1`, `mts_2`, `mts_3`, `mts_4`, `pata_1`, `pata_2`, `herraje_1`, `herraje_2`, `ebanisteria_1`, `ebanisteria_2`, `ebanisteria_3`, `maquinas`, `pegado_hule`, `armado`, `blanco`, `costura`, `tapiceria`, `total`, `mano_de_obra`, `porcentaje`, `imagen`) VALUES (51, 'SCE-507', 3.5, 0, 0, 0, 0, 0, 0, 0, 1, 0, 0, 0, 0, 0, 0, 0, 0, 0, 459, 0, 'SCE-507');
INSERT INTO `cat_claves` (`id_claves`, `concepto`, `mts_1`, `mts_2`, `mts_3`, `mts_4`, `pata_1`, `pata_2`, `herraje_1`, `herraje_2`, `ebanisteria_1`, `ebanisteria_2`, `ebanisteria_3`, `maquinas`, `pegado_hule`, `armado`, `blanco`, `costura`, `tapiceria`, `total`, `mano_de_obra`, `porcentaje`, `imagen`) VALUES (52, 'SCE-513', 4.88, 0, 0, 0, 4, 0, 0, 0, 0, 0, 0, 0, 0, 0, 0, 0, 0, 0, 310, 0, 'SCE-513');
INSERT INTO `cat_claves` (`id_claves`, `concepto`, `mts_1`, `mts_2`, `mts_3`, `mts_4`, `pata_1`, `pata_2`, `herraje_1`, `herraje_2`, `ebanisteria_1`, `ebanisteria_2`, `ebanisteria_3`, `maquinas`, `pegado_hule`, `armado`, `blanco`, `costura`, `tapiceria`, `total`, `mano_de_obra`, `porcentaje`, `imagen`) VALUES (53, 'SCE-515', 1, 0, 0, 0, 0, 0, 0, 0, 0, 0, 0, 12, 14, 24, 22, 40, 40, 152, 325, 213.82, 'SCE-515');
INSERT INTO `cat_claves` (`id_claves`, `concepto`, `mts_1`, `mts_2`, `mts_3`, `mts_4`, `pata_1`, `pata_2`, `herraje_1`, `herraje_2`, `ebanisteria_1`, `ebanisteria_2`, `ebanisteria_3`, `maquinas`, `pegado_hule`, `armado`, `blanco`, `costura`, `tapiceria`, `total`, `mano_de_obra`, `porcentaje`, `imagen`) VALUES (54, 'SCE-553', 4.53, 0, 0, 0, 4, 0, 0, 0, 0, 0, 0, 12, 24, 25, 19, 38, 50, 168, 340, 202.38, 'SCE-553');
INSERT INTO `cat_claves` (`id_claves`, `concepto`, `mts_1`, `mts_2`, `mts_3`, `mts_4`, `pata_1`, `pata_2`, `herraje_1`, `herraje_2`, `ebanisteria_1`, `ebanisteria_2`, `ebanisteria_3`, `maquinas`, `pegado_hule`, `armado`, `blanco`, `costura`, `tapiceria`, `total`, `mano_de_obra`, `porcentaje`, `imagen`) VALUES (55, 'SCE-554', 1, 0, 0, 0, 0, 0, 0, 0, 0, 0, 0, 12, 0, 30, 5, 49, 40, 136, 370, 272.06, 'SCE-554');
INSERT INTO `cat_claves` (`id_claves`, `concepto`, `mts_1`, `mts_2`, `mts_3`, `mts_4`, `pata_1`, `pata_2`, `herraje_1`, `herraje_2`, `ebanisteria_1`, `ebanisteria_2`, `ebanisteria_3`, `maquinas`, `pegado_hule`, `armado`, `blanco`, `costura`, `tapiceria`, `total`, `mano_de_obra`, `porcentaje`, `imagen`) VALUES (56, 'SCE-554.5', 5.34, 0, 0, 0, 4, 0, 0, 0, 0, 0, 0, 12, 0, 30, 5, 49, 40, 136, 370, 272.06, 'SCE-554.5');
INSERT INTO `cat_claves` (`id_claves`, `concepto`, `mts_1`, `mts_2`, `mts_3`, `mts_4`, `pata_1`, `pata_2`, `herraje_1`, `herraje_2`, `ebanisteria_1`, `ebanisteria_2`, `ebanisteria_3`, `maquinas`, `pegado_hule`, `armado`, `blanco`, `costura`, `tapiceria`, `total`, `mano_de_obra`, `porcentaje`, `imagen`) VALUES (57, 'SCE-564.5', 5.22, 0, 0, 0, 4, 0, 0, 0, 0, 0, 0, 12, 27, 17, 9, 32, 37, 134, 406, 302.99, 'SCE-564.5');
INSERT INTO `cat_claves` (`id_claves`, `concepto`, `mts_1`, `mts_2`, `mts_3`, `mts_4`, `pata_1`, `pata_2`, `herraje_1`, `herraje_2`, `ebanisteria_1`, `ebanisteria_2`, `ebanisteria_3`, `maquinas`, `pegado_hule`, `armado`, `blanco`, `costura`, `tapiceria`, `total`, `mano_de_obra`, `porcentaje`, `imagen`) VALUES (58, 'SCE-554.9', 1, 0, 0, 0, 0, 0, 0, 0, 0, 0, 0, 12, 0, 30, 5, 49, 40, 136, 370, 272.06, 'SCE-554.9');
INSERT INTO `cat_claves` (`id_claves`, `concepto`, `mts_1`, `mts_2`, `mts_3`, `mts_4`, `pata_1`, `pata_2`, `herraje_1`, `herraje_2`, `ebanisteria_1`, `ebanisteria_2`, `ebanisteria_3`, `maquinas`, `pegado_hule`, `armado`, `blanco`, `costura`, `tapiceria`, `total`, `mano_de_obra`, `porcentaje`, `imagen`) VALUES (59, 'SCE-564.5.9', 1, 0, 0, 0, 0, 0, 0, 0, 0, 0, 0, 12, 27, 17, 9, 32, 37, 134, 406, 302.99, 'SCE-564.5.9');
INSERT INTO `cat_claves` (`id_claves`, `concepto`, `mts_1`, `mts_2`, `mts_3`, `mts_4`, `pata_1`, `pata_2`, `herraje_1`, `herraje_2`, `ebanisteria_1`, `ebanisteria_2`, `ebanisteria_3`, `maquinas`, `pegado_hule`, `armado`, `blanco`, `costura`, `tapiceria`, `total`, `mano_de_obra`, `porcentaje`, `imagen`) VALUES (60, 'SCE-568', 1, 0, 0, 0, 0, 0, 0, 0, 0, 0, 0, 12, 19, 30, 26, 48, 50, 185, 440, 237.84, 'SCE-568');
INSERT INTO `cat_claves` (`id_claves`, `concepto`, `mts_1`, `mts_2`, `mts_3`, `mts_4`, `pata_1`, `pata_2`, `herraje_1`, `herraje_2`, `ebanisteria_1`, `ebanisteria_2`, `ebanisteria_3`, `maquinas`, `pegado_hule`, `armado`, `blanco`, `costura`, `tapiceria`, `total`, `mano_de_obra`, `porcentaje`, `imagen`) VALUES (61, 'SCE-571.9', 1, 0, 0, 0, 0, 0, 0, 0, 0, 0, 0, 18, 23, 50, 35, 70, 55, 251, 510, 203.19, 'SCE-571.9');
INSERT INTO `cat_claves` (`id_claves`, `concepto`, `mts_1`, `mts_2`, `mts_3`, `mts_4`, `pata_1`, `pata_2`, `herraje_1`, `herraje_2`, `ebanisteria_1`, `ebanisteria_2`, `ebanisteria_3`, `maquinas`, `pegado_hule`, `armado`, `blanco`, `costura`, `tapiceria`, `total`, `mano_de_obra`, `porcentaje`, `imagen`) VALUES (62, 'SCE-579', 5.65, 0.63, 0, 0, 4, 0, 0, 0, 0, 0, 0, 12, 27, 17, 11, 32, 40, 139, 421, 302.88, 'SCE-579');
INSERT INTO `cat_claves` (`id_claves`, `concepto`, `mts_1`, `mts_2`, `mts_3`, `mts_4`, `pata_1`, `pata_2`, `herraje_1`, `herraje_2`, `ebanisteria_1`, `ebanisteria_2`, `ebanisteria_3`, `maquinas`, `pegado_hule`, `armado`, `blanco`, `costura`, `tapiceria`, `total`, `mano_de_obra`, `porcentaje`, `imagen`) VALUES (63, 'SCE-574', 4.8, 0, 0, 0, 4, 0, 0, 0, 0, 0, 0, 18, 23, 30, 12, 35, 35, 153, 338, 220.92, 'SCE-574');
INSERT INTO `cat_claves` (`id_claves`, `concepto`, `mts_1`, `mts_2`, `mts_3`, `mts_4`, `pata_1`, `pata_2`, `herraje_1`, `herraje_2`, `ebanisteria_1`, `ebanisteria_2`, `ebanisteria_3`, `maquinas`, `pegado_hule`, `armado`, `blanco`, `costura`, `tapiceria`, `total`, `mano_de_obra`, `porcentaje`, `imagen`) VALUES (64, 'SCE-586', 1, 0, 0, 0, 0, 0, 0, 0, 0, 0, 0, 0, 0, 0, 0, 0, 0, 0, 414, 0, 'SCE-586');
INSERT INTO `cat_claves` (`id_claves`, `concepto`, `mts_1`, `mts_2`, `mts_3`, `mts_4`, `pata_1`, `pata_2`, `herraje_1`, `herraje_2`, `ebanisteria_1`, `ebanisteria_2`, `ebanisteria_3`, `maquinas`, `pegado_hule`, `armado`, `blanco`, `costura`, `tapiceria`, `total`, `mano_de_obra`, `porcentaje`, `imagen`) VALUES (65, 'SCE-590', 3.74, 0, 0, 0, 4, 0, 0, 0, 0, 0, 0, 18, 23, 30, 12, 35, 35, 153, 338, 220.92, 'SCE-590');
INSERT INTO `cat_claves` (`id_claves`, `concepto`, `mts_1`, `mts_2`, `mts_3`, `mts_4`, `pata_1`, `pata_2`, `herraje_1`, `herraje_2`, `ebanisteria_1`, `ebanisteria_2`, `ebanisteria_3`, `maquinas`, `pegado_hule`, `armado`, `blanco`, `costura`, `tapiceria`, `total`, `mano_de_obra`, `porcentaje`, `imagen`) VALUES (66, 'SCE-591', 2.23, 2.81, 0, 0, 4, 0, 0, 0, 0, 0, 0, 0, 0, 0, 0, 0, 0, 0, 414, 0, 'SCE-591');
INSERT INTO `cat_claves` (`id_claves`, `concepto`, `mts_1`, `mts_2`, `mts_3`, `mts_4`, `pata_1`, `pata_2`, `herraje_1`, `herraje_2`, `ebanisteria_1`, `ebanisteria_2`, `ebanisteria_3`, `maquinas`, `pegado_hule`, `armado`, `blanco`, `costura`, `tapiceria`, `total`, `mano_de_obra`, `porcentaje`, `imagen`) VALUES (67, 'SCE-592', 5.98, 0, 0, 0, 4, 0, 0, 0, 0, 0, 0, 18, 23, 30, 26, 38, 55, 190, 390, 205.26, 'SCE-592');
INSERT INTO `cat_claves` (`id_claves`, `concepto`, `mts_1`, `mts_2`, `mts_3`, `mts_4`, `pata_1`, `pata_2`, `herraje_1`, `herraje_2`, `ebanisteria_1`, `ebanisteria_2`, `ebanisteria_3`, `maquinas`, `pegado_hule`, `armado`, `blanco`, `costura`, `tapiceria`, `total`, `mano_de_obra`, `porcentaje`, `imagen`) VALUES (68, 'SCE-592.9', 1, 0, 0, 0, 0, 0, 0, 0, 0, 0, 0, 18, 23, 30, 26, 38, 55, 190, 390, 205.26, 'SCE-592.9');
INSERT INTO `cat_claves` (`id_claves`, `concepto`, `mts_1`, `mts_2`, `mts_3`, `mts_4`, `pata_1`, `pata_2`, `herraje_1`, `herraje_2`, `ebanisteria_1`, `ebanisteria_2`, `ebanisteria_3`, `maquinas`, `pegado_hule`, `armado`, `blanco`, `costura`, `tapiceria`, `total`, `mano_de_obra`, `porcentaje`, `imagen`) VALUES (69, 'SCE-593', 4.6, 0, 0, 0, 4, 0, 0, 0, 0, 0, 0, 0, 0, 0, 0, 0, 0, 0, 338, 0, 'SCE-593');
INSERT INTO `cat_claves` (`id_claves`, `concepto`, `mts_1`, `mts_2`, `mts_3`, `mts_4`, `pata_1`, `pata_2`, `herraje_1`, `herraje_2`, `ebanisteria_1`, `ebanisteria_2`, `ebanisteria_3`, `maquinas`, `pegado_hule`, `armado`, `blanco`, `costura`, `tapiceria`, `total`, `mano_de_obra`, `porcentaje`, `imagen`) VALUES (70, 'SCE-599', 6.29, 0, 0, 0, 4, 0, 0, 0, 0, 0, 0, 12, 27, 17, 12, 40, 51, 159, 452, 284.28, 'SCE-599');
INSERT INTO `cat_claves` (`id_claves`, `concepto`, `mts_1`, `mts_2`, `mts_3`, `mts_4`, `pata_1`, `pata_2`, `herraje_1`, `herraje_2`, `ebanisteria_1`, `ebanisteria_2`, `ebanisteria_3`, `maquinas`, `pegado_hule`, `armado`, `blanco`, `costura`, `tapiceria`, `total`, `mano_de_obra`, `porcentaje`, `imagen`) VALUES (71, 'SCE-603', 5.71, 0, 0, 0, 4, 0, 0, 0, 0, 0, 0, 0, 0, 0, 0, 0, 0, 0, 421, 0, 'SCE-603');
INSERT INTO `cat_claves` (`id_claves`, `concepto`, `mts_1`, `mts_2`, `mts_3`, `mts_4`, `pata_1`, `pata_2`, `herraje_1`, `herraje_2`, `ebanisteria_1`, `ebanisteria_2`, `ebanisteria_3`, `maquinas`, `pegado_hule`, `armado`, `blanco`, `costura`, `tapiceria`, `total`, `mano_de_obra`, `porcentaje`, `imagen`) VALUES (72, 'SCE-604', 3.94, 0, 0, 0, 4, 0, 0, 0, 0, 0, 0, 0, 0, 0, 0, 0, 0, 0, 270, 0, 'SCE-604');
INSERT INTO `cat_claves` (`id_claves`, `concepto`, `mts_1`, `mts_2`, `mts_3`, `mts_4`, `pata_1`, `pata_2`, `herraje_1`, `herraje_2`, `ebanisteria_1`, `ebanisteria_2`, `ebanisteria_3`, `maquinas`, `pegado_hule`, `armado`, `blanco`, `costura`, `tapiceria`, `total`, `mano_de_obra`, `porcentaje`, `imagen`) VALUES (73, 'SD-89.3.5', 3.94, 0, 0, 0, 0, 0, 1, 0, 0, 0, 0, 11, 38, 26, 17, 44, 35, 171, 414, 242.11, 'SD-89.3.5');
INSERT INTO `cat_claves` (`id_claves`, `concepto`, `mts_1`, `mts_2`, `mts_3`, `mts_4`, `pata_1`, `pata_2`, `herraje_1`, `herraje_2`, `ebanisteria_1`, `ebanisteria_2`, `ebanisteria_3`, `maquinas`, `pegado_hule`, `armado`, `blanco`, `costura`, `tapiceria`, `total`, `mano_de_obra`, `porcentaje`, `imagen`) VALUES (74, 'SD-91.1', 11.85, 0, 0, 0, 0, 0, 2, 0, 0, 0, 0, 0, 0, 0, 0, 0, 0, 0, 1102, 0, 'SD-91.1');
INSERT INTO `cat_claves` (`id_claves`, `concepto`, `mts_1`, `mts_2`, `mts_3`, `mts_4`, `pata_1`, `pata_2`, `herraje_1`, `herraje_2`, `ebanisteria_1`, `ebanisteria_2`, `ebanisteria_3`, `maquinas`, `pegado_hule`, `armado`, `blanco`, `costura`, `tapiceria`, `total`, `mano_de_obra`, `porcentaje`, `imagen`) VALUES (75, 'SD-91.2', 10.5, 0, 0, 0, 0, 0, 2, 0, 0, 0, 0, 22, 44, 48, 34, 133, 120, 401, 892, 222.44, 'SD-91.2');
INSERT INTO `cat_claves` (`id_claves`, `concepto`, `mts_1`, `mts_2`, `mts_3`, `mts_4`, `pata_1`, `pata_2`, `herraje_1`, `herraje_2`, `ebanisteria_1`, `ebanisteria_2`, `ebanisteria_3`, `maquinas`, `pegado_hule`, `armado`, `blanco`, `costura`, `tapiceria`, `total`, `mano_de_obra`, `porcentaje`, `imagen`) VALUES (76, 'SD-91.3', 5.79, 0, 0, 0, 0, 0, 1, 0, 0, 0, 0, 10, 38, 30, 25, 72, 60, 235, 480, 204.26, 'SD-91.3');
INSERT INTO `cat_claves` (`id_claves`, `concepto`, `mts_1`, `mts_2`, `mts_3`, `mts_4`, `pata_1`, `pata_2`, `herraje_1`, `herraje_2`, `ebanisteria_1`, `ebanisteria_2`, `ebanisteria_3`, `maquinas`, `pegado_hule`, `armado`, `blanco`, `costura`, `tapiceria`, `total`, `mano_de_obra`, `porcentaje`, `imagen`) VALUES (77, 'SD-95.1', 10.14, 0, 0, 0, 4, 0, 2, 0, 0, 0, 0, 30, 50, 65, 47, 105, 134, 431, 1150, 266.82, 'SD-95.1');
INSERT INTO `cat_claves` (`id_claves`, `concepto`, `mts_1`, `mts_2`, `mts_3`, `mts_4`, `pata_1`, `pata_2`, `herraje_1`, `herraje_2`, `ebanisteria_1`, `ebanisteria_2`, `ebanisteria_3`, `maquinas`, `pegado_hule`, `armado`, `blanco`, `costura`, `tapiceria`, `total`, `mano_de_obra`, `porcentaje`, `imagen`) VALUES (78, 'SD-95.2', 7.53, 0, 0, 0, 0, 0, 2, 0, 0, 0, 0, 22, 44, 48, 41, 77, 98, 330, 740, 224.24, 'SD-95.2');
INSERT INTO `cat_claves` (`id_claves`, `concepto`, `mts_1`, `mts_2`, `mts_3`, `mts_4`, `pata_1`, `pata_2`, `herraje_1`, `herraje_2`, `ebanisteria_1`, `ebanisteria_2`, `ebanisteria_3`, `maquinas`, `pegado_hule`, `armado`, `blanco`, `costura`, `tapiceria`, `total`, `mano_de_obra`, `porcentaje`, `imagen`) VALUES (79, 'SE-68', 11.82, 0, 0, 0, 8, 0, 0, 0, 0, 0, 0, 29, 20, 96, 55, 76, 100, 376, 760, 202.13, 'SE-68');
INSERT INTO `cat_claves` (`id_claves`, `concepto`, `mts_1`, `mts_2`, `mts_3`, `mts_4`, `pata_1`, `pata_2`, `herraje_1`, `herraje_2`, `ebanisteria_1`, `ebanisteria_2`, `ebanisteria_3`, `maquinas`, `pegado_hule`, `armado`, `blanco`, `costura`, `tapiceria`, `total`, `mano_de_obra`, `porcentaje`, `imagen`) VALUES (80, 'SD-95.3', 4.8, 0, 0, 0, 0, 0, 1, 0, 0, 0, 0, 11, 38, 26, 20, 49, 42, 186, 450, 241.94, 'SD-95.3');
INSERT INTO `cat_claves` (`id_claves`, `concepto`, `mts_1`, `mts_2`, `mts_3`, `mts_4`, `pata_1`, `pata_2`, `herraje_1`, `herraje_2`, `ebanisteria_1`, `ebanisteria_2`, `ebanisteria_3`, `maquinas`, `pegado_hule`, `armado`, `blanco`, `costura`, `tapiceria`, `total`, `mano_de_obra`, `porcentaje`, `imagen`) VALUES (81, 'SE-77', 11.59, 0, 0, 0, 0, 0, 0, 0, 0, 0, 0, 29, 20, 96, 55, 76, 100, 376, 750, 199.47, 'SE-77');
INSERT INTO `cat_claves` (`id_claves`, `concepto`, `mts_1`, `mts_2`, `mts_3`, `mts_4`, `pata_1`, `pata_2`, `herraje_1`, `herraje_2`, `ebanisteria_1`, `ebanisteria_2`, `ebanisteria_3`, `maquinas`, `pegado_hule`, `armado`, `blanco`, `costura`, `tapiceria`, `total`, `mano_de_obra`, `porcentaje`, `imagen`) VALUES (82, 'SE-77.9', 11.59, 1.47, 0, 0, 8, 0, 0, 0, 0, 0, 0, 29, 20, 96, 55, 76, 100, 376, 750, 199.47, 'SE-77.9');
INSERT INTO `cat_claves` (`id_claves`, `concepto`, `mts_1`, `mts_2`, `mts_3`, `mts_4`, `pata_1`, `pata_2`, `herraje_1`, `herraje_2`, `ebanisteria_1`, `ebanisteria_2`, `ebanisteria_3`, `maquinas`, `pegado_hule`, `armado`, `blanco`, `costura`, `tapiceria`, `total`, `mano_de_obra`, `porcentaje`, `imagen`) VALUES (83, 'SE-80', 11.34, 0.63, 0.63, 0, 8, 0, 0, 0, 0, 0, 0, 0, 0, 0, 0, 0, 0, 0, 900, 0, 'SE-80');
INSERT INTO `cat_claves` (`id_claves`, `concepto`, `mts_1`, `mts_2`, `mts_3`, `mts_4`, `pata_1`, `pata_2`, `herraje_1`, `herraje_2`, `ebanisteria_1`, `ebanisteria_2`, `ebanisteria_3`, `maquinas`, `pegado_hule`, `armado`, `blanco`, `costura`, `tapiceria`, `total`, `mano_de_obra`, `porcentaje`, `imagen`) VALUES (84, 'SE-85', 11.74, 0.63, 0, 0, 10, 0, 0, 0, 0, 0, 0, 0, 0, 0, 0, 0, 0, 0, 900, 0, 'SE-85');
INSERT INTO `cat_claves` (`id_claves`, `concepto`, `mts_1`, `mts_2`, `mts_3`, `mts_4`, `pata_1`, `pata_2`, `herraje_1`, `herraje_2`, `ebanisteria_1`, `ebanisteria_2`, `ebanisteria_3`, `maquinas`, `pegado_hule`, `armado`, `blanco`, `costura`, `tapiceria`, `total`, `mano_de_obra`, `porcentaje`, `imagen`) VALUES (85, 'SE-86', 10.88, 0, 0, 0, 8, 0, 0, 0, 0, 0, 0, 29, 65, 56, 55, 85, 100, 390, 800, 205.13, 'SE-86');
INSERT INTO `cat_claves` (`id_claves`, `concepto`, `mts_1`, `mts_2`, `mts_3`, `mts_4`, `pata_1`, `pata_2`, `herraje_1`, `herraje_2`, `ebanisteria_1`, `ebanisteria_2`, `ebanisteria_3`, `maquinas`, `pegado_hule`, `armado`, `blanco`, `costura`, `tapiceria`, `total`, `mano_de_obra`, `porcentaje`, `imagen`) VALUES (86, 'SE-88', 12.78, 0, 0, 0, 8, 0, 0, 0, 0, 0, 0, 29, 65, 56, 61, 116, 132, 459, 905, 197.17, 'SE-88');
INSERT INTO `cat_claves` (`id_claves`, `concepto`, `mts_1`, `mts_2`, `mts_3`, `mts_4`, `pata_1`, `pata_2`, `herraje_1`, `herraje_2`, `ebanisteria_1`, `ebanisteria_2`, `ebanisteria_3`, `maquinas`, `pegado_hule`, `armado`, `blanco`, `costura`, `tapiceria`, `total`, `mano_de_obra`, `porcentaje`, `imagen`) VALUES (87, 'SEE-57', 11.2, 0, 0, 0, 0, 0, 0, 0, 0, 0, 0, 29, 65, 56, 55, 110, 120, 435, 870, 200, 'SEE-57');
INSERT INTO `cat_claves` (`id_claves`, `concepto`, `mts_1`, `mts_2`, `mts_3`, `mts_4`, `pata_1`, `pata_2`, `herraje_1`, `herraje_2`, `ebanisteria_1`, `ebanisteria_2`, `ebanisteria_3`, `maquinas`, `pegado_hule`, `armado`, `blanco`, `costura`, `tapiceria`, `total`, `mano_de_obra`, `porcentaje`, `imagen`) VALUES (88, 'SEE-78', 11.37, 0, 0, 0, 12, 0, 0, 0, 0, 0, 0, 29, 65, 96, 70, 63, 150, 473, 950, 200.85, 'SEE-78');
INSERT INTO `cat_claves` (`id_claves`, `concepto`, `mts_1`, `mts_2`, `mts_3`, `mts_4`, `pata_1`, `pata_2`, `herraje_1`, `herraje_2`, `ebanisteria_1`, `ebanisteria_2`, `ebanisteria_3`, `maquinas`, `pegado_hule`, `armado`, `blanco`, `costura`, `tapiceria`, `total`, `mano_de_obra`, `porcentaje`, `imagen`) VALUES (89, 'SR-113', 3.6, 0, 0, 0, 4, 0, 0, 0, 0, 0, 0, 11, 14, 17, 17, 37, 32, 128, 290, 226.56, 'SR-113');
INSERT INTO `cat_claves` (`id_claves`, `concepto`, `mts_1`, `mts_2`, `mts_3`, `mts_4`, `pata_1`, `pata_2`, `herraje_1`, `herraje_2`, `ebanisteria_1`, `ebanisteria_2`, `ebanisteria_3`, `maquinas`, `pegado_hule`, `armado`, `blanco`, `costura`, `tapiceria`, `total`, `mano_de_obra`, `porcentaje`, `imagen`) VALUES (90, 'SEE-87', 10.21, 0, 0, 0, 8, 0, 0, 0, 0, 0, 0, 29, 65, 56, 61, 110, 121, 442, 885, 200.23, 'SEE-87');
INSERT INTO `cat_claves` (`id_claves`, `concepto`, `mts_1`, `mts_2`, `mts_3`, `mts_4`, `pata_1`, `pata_2`, `herraje_1`, `herraje_2`, `ebanisteria_1`, `ebanisteria_2`, `ebanisteria_3`, `maquinas`, `pegado_hule`, `armado`, `blanco`, `costura`, `tapiceria`, `total`, `mano_de_obra`, `porcentaje`, `imagen`) VALUES (91, 'SEE-82.9', 10.2, 0, 0, 0, 0, 0, 0, 0, 0, 0, 0, 29, 65, 56, 55, 110, 110, 425, 850, 200, 'SEE-82.9');
INSERT INTO `cat_claves` (`id_claves`, `concepto`, `mts_1`, `mts_2`, `mts_3`, `mts_4`, `pata_1`, `pata_2`, `herraje_1`, `herraje_2`, `ebanisteria_1`, `ebanisteria_2`, `ebanisteria_3`, `maquinas`, `pegado_hule`, `armado`, `blanco`, `costura`, `tapiceria`, `total`, `mano_de_obra`, `porcentaje`, `imagen`) VALUES (92, 'SR-189', 4.02, 0, 0, 0, 0, 0, 0, 0, 0, 0, 0, 11, 14, 19, 21, 27, 35, 127, 290, 228.35, 'SR-189');
INSERT INTO `cat_claves` (`id_claves`, `concepto`, `mts_1`, `mts_2`, `mts_3`, `mts_4`, `pata_1`, `pata_2`, `herraje_1`, `herraje_2`, `ebanisteria_1`, `ebanisteria_2`, `ebanisteria_3`, `maquinas`, `pegado_hule`, `armado`, `blanco`, `costura`, `tapiceria`, `total`, `mano_de_obra`, `porcentaje`, `imagen`) VALUES (93, 'SR-211.5', 3.58, 0, 0, 0, 0, 0, 0, 0, 0, 0, 0, 11, 15, 20, 17, 31, 28, 122, 373, 305.74, 'SR-211.5');
INSERT INTO `cat_claves` (`id_claves`, `concepto`, `mts_1`, `mts_2`, `mts_3`, `mts_4`, `pata_1`, `pata_2`, `herraje_1`, `herraje_2`, `ebanisteria_1`, `ebanisteria_2`, `ebanisteria_3`, `maquinas`, `pegado_hule`, `armado`, `blanco`, `costura`, `tapiceria`, `total`, `mano_de_obra`, `porcentaje`, `imagen`) VALUES (94, 'SRB-218', 5.66, 0, 0, 0, 0, 0, 0, 0, 0, 0, 0, 12, 19, 30, 25, 40, 45, 171, 441, 257.89, 'SRB-218');
INSERT INTO `cat_claves` (`id_claves`, `concepto`, `mts_1`, `mts_2`, `mts_3`, `mts_4`, `pata_1`, `pata_2`, `herraje_1`, `herraje_2`, `ebanisteria_1`, `ebanisteria_2`, `ebanisteria_3`, `maquinas`, `pegado_hule`, `armado`, `blanco`, `costura`, `tapiceria`, `total`, `mano_de_obra`, `porcentaje`, `imagen`) VALUES (95, 'SRB-202', 4.61, 0, 0, 0, 0, 0, 0, 0, 0, 0, 0, 12, 14, 30, 26, 61, 45, 188, 427, 227.13, 'SRB-202');
INSERT INTO `cat_claves` (`id_claves`, `concepto`, `mts_1`, `mts_2`, `mts_3`, `mts_4`, `pata_1`, `pata_2`, `herraje_1`, `herraje_2`, `ebanisteria_1`, `ebanisteria_2`, `ebanisteria_3`, `maquinas`, `pegado_hule`, `armado`, `blanco`, `costura`, `tapiceria`, `total`, `mano_de_obra`, `porcentaje`, `imagen`) VALUES (96, 'SRB-220', 5.8, 0, 0, 0, 0, 0, 1, 0, 0, 0, 0, 18, 14, 27, 25, 70, 45, 199, 415, 208.54, 'SRB-220');
INSERT INTO `cat_claves` (`id_claves`, `concepto`, `mts_1`, `mts_2`, `mts_3`, `mts_4`, `pata_1`, `pata_2`, `herraje_1`, `herraje_2`, `ebanisteria_1`, `ebanisteria_2`, `ebanisteria_3`, `maquinas`, `pegado_hule`, `armado`, `blanco`, `costura`, `tapiceria`, `total`, `mano_de_obra`, `porcentaje`, `imagen`) VALUES (97, 'SRB-221', 6.41, 0, 0, 0, 0, 0, 1, 0, 0, 0, 0, 19, 14, 30, 25, 90, 45, 223, 470, 210.76, 'SRB-221');
INSERT INTO `cat_claves` (`id_claves`, `concepto`, `mts_1`, `mts_2`, `mts_3`, `mts_4`, `pata_1`, `pata_2`, `herraje_1`, `herraje_2`, `ebanisteria_1`, `ebanisteria_2`, `ebanisteria_3`, `maquinas`, `pegado_hule`, `armado`, `blanco`, `costura`, `tapiceria`, `total`, `mano_de_obra`, `porcentaje`, `imagen`) VALUES (98, 'SRB-220.9', 5.8, 0, 0, 0, 0, 0, 1, 0, 0, 0, 0, 18, 14, 27, 25, 70, 45, 199, 415, 208.54, 'SRB-220.9');
INSERT INTO `cat_claves` (`id_claves`, `concepto`, `mts_1`, `mts_2`, `mts_3`, `mts_4`, `pata_1`, `pata_2`, `herraje_1`, `herraje_2`, `ebanisteria_1`, `ebanisteria_2`, `ebanisteria_3`, `maquinas`, `pegado_hule`, `armado`, `blanco`, `costura`, `tapiceria`, `total`, `mano_de_obra`, `porcentaje`, `imagen`) VALUES (99, 'SRB-222', 6, 0, 0, 0, 0, 0, 0, 0, 0, 0, 0, 20, 14, 30, 26, 74, 60, 224, 470, 209.82, 'SRB-222');
INSERT INTO `cat_claves` (`id_claves`, `concepto`, `mts_1`, `mts_2`, `mts_3`, `mts_4`, `pata_1`, `pata_2`, `herraje_1`, `herraje_2`, `ebanisteria_1`, `ebanisteria_2`, `ebanisteria_3`, `maquinas`, `pegado_hule`, `armado`, `blanco`, `costura`, `tapiceria`, `total`, `mano_de_obra`, `porcentaje`, `imagen`) VALUES (100, 'SRB-226', 4.96, 0.7, 0, 0, 0, 0, 1, 0, 0, 0, 0, 18, 14, 27, 26, 69, 40, 194, 410, 211.34, 'SRB-226');
INSERT INTO `cat_claves` (`id_claves`, `concepto`, `mts_1`, `mts_2`, `mts_3`, `mts_4`, `pata_1`, `pata_2`, `herraje_1`, `herraje_2`, `ebanisteria_1`, `ebanisteria_2`, `ebanisteria_3`, `maquinas`, `pegado_hule`, `armado`, `blanco`, `costura`, `tapiceria`, `total`, `mano_de_obra`, `porcentaje`, `imagen`) VALUES (101, 'SRB-230', 5.04, 0, 0, 0, 0, 0, 1, 0, 0, 0, 0, 22, 14, 30, 26, 50, 60, 202, 467, 231.19, 'SRB-230');
INSERT INTO `cat_claves` (`id_claves`, `concepto`, `mts_1`, `mts_2`, `mts_3`, `mts_4`, `pata_1`, `pata_2`, `herraje_1`, `herraje_2`, `ebanisteria_1`, `ebanisteria_2`, `ebanisteria_3`, `maquinas`, `pegado_hule`, `armado`, `blanco`, `costura`, `tapiceria`, `total`, `mano_de_obra`, `porcentaje`, `imagen`) VALUES (102, 'SRB-234', 4.88, 0, 0, 0, 0, 0, 1, 0, 0, 0, 0, 23, 5, 30, 26, 50, 60, 194, 420, 216.49, 'SRB-234');
INSERT INTO `cat_claves` (`id_claves`, `concepto`, `mts_1`, `mts_2`, `mts_3`, `mts_4`, `pata_1`, `pata_2`, `herraje_1`, `herraje_2`, `ebanisteria_1`, `ebanisteria_2`, `ebanisteria_3`, `maquinas`, `pegado_hule`, `armado`, `blanco`, `costura`, `tapiceria`, `total`, `mano_de_obra`, `porcentaje`, `imagen`) VALUES (103, 'SRB-244', 5.11, 0, 0, 0, 0, 0, 0, 0, 0, 0, 0, 23, 14, 30, 31, 55, 61, 214, 465, 217.29, 'SRB-244');
INSERT INTO `cat_claves` (`id_claves`, `concepto`, `mts_1`, `mts_2`, `mts_3`, `mts_4`, `pata_1`, `pata_2`, `herraje_1`, `herraje_2`, `ebanisteria_1`, `ebanisteria_2`, `ebanisteria_3`, `maquinas`, `pegado_hule`, `armado`, `blanco`, `costura`, `tapiceria`, `total`, `mano_de_obra`, `porcentaje`, `imagen`) VALUES (104, 'SRB-245', 5.68, 0, 0, 0, 0, 0, 0, 0, 0, 0, 0, 22, 14, 30, 31, 55, 61, 213, 495, 232.39, 'SRB-245');
INSERT INTO `cat_claves` (`id_claves`, `concepto`, `mts_1`, `mts_2`, `mts_3`, `mts_4`, `pata_1`, `pata_2`, `herraje_1`, `herraje_2`, `ebanisteria_1`, `ebanisteria_2`, `ebanisteria_3`, `maquinas`, `pegado_hule`, `armado`, `blanco`, `costura`, `tapiceria`, `total`, `mano_de_obra`, `porcentaje`, `imagen`) VALUES (105, 'SRBE-103', 4.41, 0, 0, 0, 0, 0, 1, 0, 0, 0, 0, 12, 19, 30, 25, 41, 60, 187, 390, 208.56, 'SRBE-103');
INSERT INTO `cat_claves` (`id_claves`, `concepto`, `mts_1`, `mts_2`, `mts_3`, `mts_4`, `pata_1`, `pata_2`, `herraje_1`, `herraje_2`, `ebanisteria_1`, `ebanisteria_2`, `ebanisteria_3`, `maquinas`, `pegado_hule`, `armado`, `blanco`, `costura`, `tapiceria`, `total`, `mano_de_obra`, `porcentaje`, `imagen`) VALUES (106, 'SRBE-103.5.9', 4.71, 0, 0, 0, 0, 0, 1, 0, 0, 0, 0, 0, 0, 0, 0, 0, 0, 0, 390, 0, 'SRBE-103.5.9');
INSERT INTO `cat_claves` (`id_claves`, `concepto`, `mts_1`, `mts_2`, `mts_3`, `mts_4`, `pata_1`, `pata_2`, `herraje_1`, `herraje_2`, `ebanisteria_1`, `ebanisteria_2`, `ebanisteria_3`, `maquinas`, `pegado_hule`, `armado`, `blanco`, `costura`, `tapiceria`, `total`, `mano_de_obra`, `porcentaje`, `imagen`) VALUES (107, 'SRBE-206', 4.95, 0, 0, 0, 0, 0, 1, 0, 0, 0, 0, 12, 19, 30, 26, 60, 45, 192, 441, 229.69, 'SRBE-206');
INSERT INTO `cat_claves` (`id_claves`, `concepto`, `mts_1`, `mts_2`, `mts_3`, `mts_4`, `pata_1`, `pata_2`, `herraje_1`, `herraje_2`, `ebanisteria_1`, `ebanisteria_2`, `ebanisteria_3`, `maquinas`, `pegado_hule`, `armado`, `blanco`, `costura`, `tapiceria`, `total`, `mano_de_obra`, `porcentaje`, `imagen`) VALUES (108, 'SRBE-213', 4.74, 0, 0, 0, 0, 0, 0, 0, 0, 0, 0, 12, 14, 30, 26, 52, 45, 179, 427, 238.55, 'SRBE-213');
INSERT INTO `cat_claves` (`id_claves`, `concepto`, `mts_1`, `mts_2`, `mts_3`, `mts_4`, `pata_1`, `pata_2`, `herraje_1`, `herraje_2`, `ebanisteria_1`, `ebanisteria_2`, `ebanisteria_3`, `maquinas`, `pegado_hule`, `armado`, `blanco`, `costura`, `tapiceria`, `total`, `mano_de_obra`, `porcentaje`, `imagen`) VALUES (109, 'SRBE-229', 4.4, 0, 0, 0, 0, 0, 1, 0, 0, 0, 0, 12, 14, 25, 24, 50, 45, 170, 390, 229.41, 'SRBE-229');
INSERT INTO `cat_claves` (`id_claves`, `concepto`, `mts_1`, `mts_2`, `mts_3`, `mts_4`, `pata_1`, `pata_2`, `herraje_1`, `herraje_2`, `ebanisteria_1`, `ebanisteria_2`, `ebanisteria_3`, `maquinas`, `pegado_hule`, `armado`, `blanco`, `costura`, `tapiceria`, `total`, `mano_de_obra`, `porcentaje`, `imagen`) VALUES (110, 'SRBE-233', 6.36, 0, 0, 0, 0, 0, 1, 0, 0, 0, 0, 12, 19, 30, 25, 40, 45, 171, 441, 257.89, 'SRBE-233');
INSERT INTO `cat_claves` (`id_claves`, `concepto`, `mts_1`, `mts_2`, `mts_3`, `mts_4`, `pata_1`, `pata_2`, `herraje_1`, `herraje_2`, `ebanisteria_1`, `ebanisteria_2`, `ebanisteria_3`, `maquinas`, `pegado_hule`, `armado`, `blanco`, `costura`, `tapiceria`, `total`, `mano_de_obra`, `porcentaje`, `imagen`) VALUES (111, 'SRE-182', 3.88, 0, 0, 0, 4, 0, 0, 0, 0, 0, 0, 11, 5, 17, 12, 41, 35, 121, 250, 206.61, 'SRE-182');
INSERT INTO `cat_claves` (`id_claves`, `concepto`, `mts_1`, `mts_2`, `mts_3`, `mts_4`, `pata_1`, `pata_2`, `herraje_1`, `herraje_2`, `ebanisteria_1`, `ebanisteria_2`, `ebanisteria_3`, `maquinas`, `pegado_hule`, `armado`, `blanco`, `costura`, `tapiceria`, `total`, `mano_de_obra`, `porcentaje`, `imagen`) VALUES (112, 'SRE-186', 4.16, 0, 0, 0, 0, 0, 0, 0, 0, 0, 0, 11, 51, 14, 17, 54, 30, 177, 290, 163.84, 'SRE-186');
INSERT INTO `cat_claves` (`id_claves`, `concepto`, `mts_1`, `mts_2`, `mts_3`, `mts_4`, `pata_1`, `pata_2`, `herraje_1`, `herraje_2`, `ebanisteria_1`, `ebanisteria_2`, `ebanisteria_3`, `maquinas`, `pegado_hule`, `armado`, `blanco`, `costura`, `tapiceria`, `total`, `mano_de_obra`, `porcentaje`, `imagen`) VALUES (113, 'SC-569', 8.63, 0, 0, 0, 0, 0, 0, 0, 0, 0, 0, 12, 10, 30, 26, 52, 50, 180, 423, 235, 'SC-569');
INSERT INTO `cat_claves` (`id_claves`, `concepto`, `mts_1`, `mts_2`, `mts_3`, `mts_4`, `pata_1`, `pata_2`, `herraje_1`, `herraje_2`, `ebanisteria_1`, `ebanisteria_2`, `ebanisteria_3`, `maquinas`, `pegado_hule`, `armado`, `blanco`, `costura`, `tapiceria`, `total`, `mano_de_obra`, `porcentaje`, `imagen`) VALUES (114, 'SRE-196', 4.35, 0, 0, 0, 4, 0, 0, 0, 0, 0, 0, 11, 5, 18, 12, 45, 32, 123, 260, 211.38, 'SRE-196');
INSERT INTO `cat_claves` (`id_claves`, `concepto`, `mts_1`, `mts_2`, `mts_3`, `mts_4`, `pata_1`, `pata_2`, `herraje_1`, `herraje_2`, `ebanisteria_1`, `ebanisteria_2`, `ebanisteria_3`, `maquinas`, `pegado_hule`, `armado`, `blanco`, `costura`, `tapiceria`, `total`, `mano_de_obra`, `porcentaje`, `imagen`) VALUES (115, 'SC-565.9', 6.24, 0, 0, 0, 0, 0, 0, 0, 0, 0, 0, 18, 23, 30, 26, 54, 50, 201, 535, 266.17, 'SC-565.9');
INSERT INTO `cat_claves` (`id_claves`, `concepto`, `mts_1`, `mts_2`, `mts_3`, `mts_4`, `pata_1`, `pata_2`, `herraje_1`, `herraje_2`, `ebanisteria_1`, `ebanisteria_2`, `ebanisteria_3`, `maquinas`, `pegado_hule`, `armado`, `blanco`, `costura`, `tapiceria`, `total`, `mano_de_obra`, `porcentaje`, `imagen`) VALUES (116, 'SC-565', 6.24, 0, 0, 0, 0, 0, 0, 0, 0, 0, 0, 18, 23, 30, 26, 54, 50, 201, 535, 266.17, 'SC-565');
INSERT INTO `cat_claves` (`id_claves`, `concepto`, `mts_1`, `mts_2`, `mts_3`, `mts_4`, `pata_1`, `pata_2`, `herraje_1`, `herraje_2`, `ebanisteria_1`, `ebanisteria_2`, `ebanisteria_3`, `maquinas`, `pegado_hule`, `armado`, `blanco`, `costura`, `tapiceria`, `total`, `mano_de_obra`, `porcentaje`, `imagen`) VALUES (117, 'SC-506.9', 6.6, 0.63, 0, 0, 4, 0, 0, 0, 0, 0, 0, 18, 25, 30, 17, 57, 55, 202, 535, 264.85, 'SC-506.9');
INSERT INTO `cat_claves` (`id_claves`, `concepto`, `mts_1`, `mts_2`, `mts_3`, `mts_4`, `pata_1`, `pata_2`, `herraje_1`, `herraje_2`, `ebanisteria_1`, `ebanisteria_2`, `ebanisteria_3`, `maquinas`, `pegado_hule`, `armado`, `blanco`, `costura`, `tapiceria`, `total`, `mano_de_obra`, `porcentaje`, `imagen`) VALUES (118, 'SC-506.2.9', 6.82, 0, 0, 0, 8, 0, 0, 0, 0, 0, 0, 0, 0, 0, 0, 0, 0, 0, 595, 0, 'SC-506.2.9');
INSERT INTO `cat_claves` (`id_claves`, `concepto`, `mts_1`, `mts_2`, `mts_3`, `mts_4`, `pata_1`, `pata_2`, `herraje_1`, `herraje_2`, `ebanisteria_1`, `ebanisteria_2`, `ebanisteria_3`, `maquinas`, `pegado_hule`, `armado`, `blanco`, `costura`, `tapiceria`, `total`, `mano_de_obra`, `porcentaje`, `imagen`) VALUES (119, 'SC-506', 6.6, 0, 0, 0, 0, 0, 0, 0, 0, 0, 0, 18, 25, 30, 17, 57, 55, 202, 535, 264.85, 'SC-506');
INSERT INTO `cat_claves` (`id_claves`, `concepto`, `mts_1`, `mts_2`, `mts_3`, `mts_4`, `pata_1`, `pata_2`, `herraje_1`, `herraje_2`, `ebanisteria_1`, `ebanisteria_2`, `ebanisteria_3`, `maquinas`, `pegado_hule`, `armado`, `blanco`, `costura`, `tapiceria`, `total`, `mano_de_obra`, `porcentaje`, `imagen`) VALUES (120, 'SC-499', 6.97, 0, 0, 0, 4, 0, 0, 0, 0, 0, 0, 12, 25, 30, 26, 57, 55, 205, 535, 260.98, 'SC-499');
INSERT INTO `cat_claves` (`id_claves`, `concepto`, `mts_1`, `mts_2`, `mts_3`, `mts_4`, `pata_1`, `pata_2`, `herraje_1`, `herraje_2`, `ebanisteria_1`, `ebanisteria_2`, `ebanisteria_3`, `maquinas`, `pegado_hule`, `armado`, `blanco`, `costura`, `tapiceria`, `total`, `mano_de_obra`, `porcentaje`, `imagen`) VALUES (121, 'SC-477', 6.42, 0, 0, 0, 0, 0, 0, 0, 0, 0, 0, 18, 23, 30, 26, 57, 55, 209, 427, 204.31, 'SC-477');
INSERT INTO `cat_claves` (`id_claves`, `concepto`, `mts_1`, `mts_2`, `mts_3`, `mts_4`, `pata_1`, `pata_2`, `herraje_1`, `herraje_2`, `ebanisteria_1`, `ebanisteria_2`, `ebanisteria_3`, `maquinas`, `pegado_hule`, `armado`, `blanco`, `costura`, `tapiceria`, `total`, `mano_de_obra`, `porcentaje`, `imagen`) VALUES (122, 'SC-439', 8.28, 0, 0, 0, 4, 0, 0, 0, 0, 0, 0, 18, 25, 30, 26, 70, 55, 224, 493, 220.09, 'SC-439');
INSERT INTO `cat_claves` (`id_claves`, `concepto`, `mts_1`, `mts_2`, `mts_3`, `mts_4`, `pata_1`, `pata_2`, `herraje_1`, `herraje_2`, `ebanisteria_1`, `ebanisteria_2`, `ebanisteria_3`, `maquinas`, `pegado_hule`, `armado`, `blanco`, `costura`, `tapiceria`, `total`, `mano_de_obra`, `porcentaje`, `imagen`) VALUES (123, 'SC-423', 4.62, 0.63, 0, 0, 4, 0, 0, 0, 0, 0, 0, 12, 23, 22, 11, 60, 35, 163, 380, 233.13, 'SC-423');
INSERT INTO `cat_claves` (`id_claves`, `concepto`, `mts_1`, `mts_2`, `mts_3`, `mts_4`, `pata_1`, `pata_2`, `herraje_1`, `herraje_2`, `ebanisteria_1`, `ebanisteria_2`, `ebanisteria_3`, `maquinas`, `pegado_hule`, `armado`, `blanco`, `costura`, `tapiceria`, `total`, `mano_de_obra`, `porcentaje`, `imagen`) VALUES (124, 'SC-408.5', 8.19, 0, 0, 0, 0, 0, 0, 0, 0, 0, 0, 18, 25, 30, 26, 75, 55, 229, 470, 205.24, 'SC-408.5');
INSERT INTO `cat_claves` (`id_claves`, `concepto`, `mts_1`, `mts_2`, `mts_3`, `mts_4`, `pata_1`, `pata_2`, `herraje_1`, `herraje_2`, `ebanisteria_1`, `ebanisteria_2`, `ebanisteria_3`, `maquinas`, `pegado_hule`, `armado`, `blanco`, `costura`, `tapiceria`, `total`, `mano_de_obra`, `porcentaje`, `imagen`) VALUES (125, 'SC-345', 6.71, 0.32, 0.32, 0, 4, 0, 0, 0, 0, 0, 0, 23, 19, 22, 22, 72, 45, 203, 440, 216.75, 'SC-345');
INSERT INTO `cat_claves` (`id_claves`, `concepto`, `mts_1`, `mts_2`, `mts_3`, `mts_4`, `pata_1`, `pata_2`, `herraje_1`, `herraje_2`, `ebanisteria_1`, `ebanisteria_2`, `ebanisteria_3`, `maquinas`, `pegado_hule`, `armado`, `blanco`, `costura`, `tapiceria`, `total`, `mano_de_obra`, `porcentaje`, `imagen`) VALUES (126, 'SC-237.9', 4.72, 0, 0, 0, 0, 0, 0, 0, 0, 0, 0, 0, 0, 0, 0, 0, 0, 0, 420, 0, 'SC-237.9');
INSERT INTO `cat_claves` (`id_claves`, `concepto`, `mts_1`, `mts_2`, `mts_3`, `mts_4`, `pata_1`, `pata_2`, `herraje_1`, `herraje_2`, `ebanisteria_1`, `ebanisteria_2`, `ebanisteria_3`, `maquinas`, `pegado_hule`, `armado`, `blanco`, `costura`, `tapiceria`, `total`, `mano_de_obra`, `porcentaje`, `imagen`) VALUES (127, 'SRE-247', 4.34, 0, 0, 0, 4, 0, 0, 0, 0, 0, 0, 11, 14, 26, 31, 36, 34, 152, 418, 275, 'SRE-247');
INSERT INTO `cat_claves` (`id_claves`, `concepto`, `mts_1`, `mts_2`, `mts_3`, `mts_4`, `pata_1`, `pata_2`, `herraje_1`, `herraje_2`, `ebanisteria_1`, `ebanisteria_2`, `ebanisteria_3`, `maquinas`, `pegado_hule`, `armado`, `blanco`, `costura`, `tapiceria`, `total`, `mano_de_obra`, `porcentaje`, `imagen`) VALUES (128, 'SC-465', 2.52, 3, 0, 0, 4, 0, 0, 0, 0, 0, 0, 12, 19, 27, 17, 44, 44, 163, 360, 220.86, 'SC-465');
INSERT INTO `cat_claves` (`id_claves`, `concepto`, `mts_1`, `mts_2`, `mts_3`, `mts_4`, `pata_1`, `pata_2`, `herraje_1`, `herraje_2`, `ebanisteria_1`, `ebanisteria_2`, `ebanisteria_3`, `maquinas`, `pegado_hule`, `armado`, `blanco`, `costura`, `tapiceria`, `total`, `mano_de_obra`, `porcentaje`, `imagen`) VALUES (129, 'SC-422.5', 5.16, 0, 0, 0, 4, 0, 0, 0, 0, 0, 0, 12, 23, 22, 19, 59, 40, 175, 416, 237.71, 'SC-422.5');
INSERT INTO `cat_claves` (`id_claves`, `concepto`, `mts_1`, `mts_2`, `mts_3`, `mts_4`, `pata_1`, `pata_2`, `herraje_1`, `herraje_2`, `ebanisteria_1`, `ebanisteria_2`, `ebanisteria_3`, `maquinas`, `pegado_hule`, `armado`, `blanco`, `costura`, `tapiceria`, `total`, `mano_de_obra`, `porcentaje`, `imagen`) VALUES (130, 'SC-607', 7.39, 0, 0, 0, 8, 0, 0, 0, 1, 1, 0, 0, 0, 0, 0, 0, 0, 0, 645, 0, 'SC-607');
INSERT INTO `cat_claves` (`id_claves`, `concepto`, `mts_1`, `mts_2`, `mts_3`, `mts_4`, `pata_1`, `pata_2`, `herraje_1`, `herraje_2`, `ebanisteria_1`, `ebanisteria_2`, `ebanisteria_3`, `maquinas`, `pegado_hule`, `armado`, `blanco`, `costura`, `tapiceria`, `total`, `mano_de_obra`, `porcentaje`, `imagen`) VALUES (131, 'SRE-252.5', 2.55, 0, 0, 0, 0, 0, 0, 0, 1, 0, 0, 0, 0, 0, 0, 0, 0, 0, 331, 0, 'SRE-252.5');
INSERT INTO `cat_claves` (`id_claves`, `concepto`, `mts_1`, `mts_2`, `mts_3`, `mts_4`, `pata_1`, `pata_2`, `herraje_1`, `herraje_2`, `ebanisteria_1`, `ebanisteria_2`, `ebanisteria_3`, `maquinas`, `pegado_hule`, `armado`, `blanco`, `costura`, `tapiceria`, `total`, `mano_de_obra`, `porcentaje`, `imagen`) VALUES (132, 'SE-90', 12.41, 0, 0, 0, 8, 0, 0, 0, 1, 0, 0, 0, 0, 0, 0, 0, 0, 0, 825, 0, 'SE-90');
INSERT INTO `cat_claves` (`id_claves`, `concepto`, `mts_1`, `mts_2`, `mts_3`, `mts_4`, `pata_1`, `pata_2`, `herraje_1`, `herraje_2`, `ebanisteria_1`, `ebanisteria_2`, `ebanisteria_3`, `maquinas`, `pegado_hule`, `armado`, `blanco`, `costura`, `tapiceria`, `total`, `mano_de_obra`, `porcentaje`, `imagen`) VALUES (133, 'SRBEX-249.5', 4.14, 0, 0, 0, 0, 0, 1, 0, 0, 0, 0, 0, 0, 0, 0, 0, 0, 0, 260, 0, 'SRBEX-249.5');
INSERT INTO `cat_claves` (`id_claves`, `concepto`, `mts_1`, `mts_2`, `mts_3`, `mts_4`, `pata_1`, `pata_2`, `herraje_1`, `herraje_2`, `ebanisteria_1`, `ebanisteria_2`, `ebanisteria_3`, `maquinas`, `pegado_hule`, `armado`, `blanco`, `costura`, `tapiceria`, `total`, `mano_de_obra`, `porcentaje`, `imagen`) VALUES (134, 'SRBEX-250.5', 4.01, 0, 0, 0, 0, 0, 1, 0, 0, 0, 0, 0, 0, 0, 0, 0, 0, 0, 265, 0, 'SRBEX-250.5');
INSERT INTO `cat_claves` (`id_claves`, `concepto`, `mts_1`, `mts_2`, `mts_3`, `mts_4`, `pata_1`, `pata_2`, `herraje_1`, `herraje_2`, `ebanisteria_1`, `ebanisteria_2`, `ebanisteria_3`, `maquinas`, `pegado_hule`, `armado`, `blanco`, `costura`, `tapiceria`, `total`, `mano_de_obra`, `porcentaje`, `imagen`) VALUES (135, 'SC-543', 5.75, 0.63, 0, 0, 0, 0, 0, 0, 0, 0, 0, 0, 0, 0, 0, 0, 0, 0, 440, 0, 'SC-543');
INSERT INTO `cat_claves` (`id_claves`, `concepto`, `mts_1`, `mts_2`, `mts_3`, `mts_4`, `pata_1`, `pata_2`, `herraje_1`, `herraje_2`, `ebanisteria_1`, `ebanisteria_2`, `ebanisteria_3`, `maquinas`, `pegado_hule`, `armado`, `blanco`, `costura`, `tapiceria`, `total`, `mano_de_obra`, `porcentaje`, `imagen`) VALUES (136, 'SC-237', 4.72, 0.63, 0, 0, 0, 0, 0, 0, 1, 0, 0, 22, 7, 25, 12, 26, 35, 127, 420, 330.71, 'SC-237');
INSERT INTO `cat_claves` (`id_claves`, `concepto`, `mts_1`, `mts_2`, `mts_3`, `mts_4`, `pata_1`, `pata_2`, `herraje_1`, `herraje_2`, `ebanisteria_1`, `ebanisteria_2`, `ebanisteria_3`, `maquinas`, `pegado_hule`, `armado`, `blanco`, `costura`, `tapiceria`, `total`, `mano_de_obra`, `porcentaje`, `imagen`) VALUES (137, 'SRE-238', 3.88, 0, 0, 0, 4, 0, 0, 0, 0, 0, 0, 11, 16, 26, 17, 31, 35, 136, 300, 220.59, 'SRE-238');
INSERT INTO `cat_claves` (`id_claves`, `concepto`, `mts_1`, `mts_2`, `mts_3`, `mts_4`, `pata_1`, `pata_2`, `herraje_1`, `herraje_2`, `ebanisteria_1`, `ebanisteria_2`, `ebanisteria_3`, `maquinas`, `pegado_hule`, `armado`, `blanco`, `costura`, `tapiceria`, `total`, `mano_de_obra`, `porcentaje`, `imagen`) VALUES (138, 'SR-162', 0, 0, 0, 0, 0, 0, 0, 0, 0, 0, 0, 11, 23, 24, 17, 38, 40, 153, 350, 228.76, 'SR-162');
INSERT INTO `cat_claves` (`id_claves`, `concepto`, `mts_1`, `mts_2`, `mts_3`, `mts_4`, `pata_1`, `pata_2`, `herraje_1`, `herraje_2`, `ebanisteria_1`, `ebanisteria_2`, `ebanisteria_3`, `maquinas`, `pegado_hule`, `armado`, `blanco`, `costura`, `tapiceria`, `total`, `mano_de_obra`, `porcentaje`, `imagen`) VALUES (139, 'SRE-208', 0, 0, 0, 0, 0, 0, 0, 0, 0, 0, 0, 11, 19, 19, 17, 40, 32, 138, 360, 260.87, 'SRE-208');
INSERT INTO `cat_claves` (`id_claves`, `concepto`, `mts_1`, `mts_2`, `mts_3`, `mts_4`, `pata_1`, `pata_2`, `herraje_1`, `herraje_2`, `ebanisteria_1`, `ebanisteria_2`, `ebanisteria_3`, `maquinas`, `pegado_hule`, `armado`, `blanco`, `costura`, `tapiceria`, `total`, `mano_de_obra`, `porcentaje`, `imagen`) VALUES (140, 'SRE-217', 0, 0, 0, 0, 0, 0, 0, 0, 0, 0, 0, 11, 14, 24, 17, 60, 34, 160, 325, 203.13, 'SRE-217');
INSERT INTO `cat_claves` (`id_claves`, `concepto`, `mts_1`, `mts_2`, `mts_3`, `mts_4`, `pata_1`, `pata_2`, `herraje_1`, `herraje_2`, `ebanisteria_1`, `ebanisteria_2`, `ebanisteria_3`, `maquinas`, `pegado_hule`, `armado`, `blanco`, `costura`, `tapiceria`, `total`, `mano_de_obra`, `porcentaje`, `imagen`) VALUES (141, 'SRE-238.5', 0, 0, 0, 0, 0, 0, 0, 0, 0, 0, 0, 11, 16, 26, 17, 29, 35, 134, 298, 222.39, 'SRE-238.5');
INSERT INTO `cat_claves` (`id_claves`, `concepto`, `mts_1`, `mts_2`, `mts_3`, `mts_4`, `pata_1`, `pata_2`, `herraje_1`, `herraje_2`, `ebanisteria_1`, `ebanisteria_2`, `ebanisteria_3`, `maquinas`, `pegado_hule`, `armado`, `blanco`, `costura`, `tapiceria`, `total`, `mano_de_obra`, `porcentaje`, `imagen`) VALUES (142, 'SRE-248', 4.24, 0, 0, 0, 4, 0, 0, 0, 0, 0, 0, 11, 5, 12, 12, 40, 28, 108, 240, 222.22, 'SRE-248');
INSERT INTO `cat_claves` (`id_claves`, `concepto`, `mts_1`, `mts_2`, `mts_3`, `mts_4`, `pata_1`, `pata_2`, `herraje_1`, `herraje_2`, `ebanisteria_1`, `ebanisteria_2`, `ebanisteria_3`, `maquinas`, `pegado_hule`, `armado`, `blanco`, `costura`, `tapiceria`, `total`, `mano_de_obra`, `porcentaje`, `imagen`) VALUES (143, 'SRE-254', 3.92, 0, 0, 0, 4, 0, 0, 0, 0, 0, 0, 11, 7, 24, 17, 38, 40, 137, 290, 211.68, 'SRE-254');
INSERT INTO `cat_claves` (`id_claves`, `concepto`, `mts_1`, `mts_2`, `mts_3`, `mts_4`, `pata_1`, `pata_2`, `herraje_1`, `herraje_2`, `ebanisteria_1`, `ebanisteria_2`, `ebanisteria_3`, `maquinas`, `pegado_hule`, `armado`, `blanco`, `costura`, `tapiceria`, `total`, `mano_de_obra`, `porcentaje`, `imagen`) VALUES (144, 'SRE-255', 0, 0, 0, 0, 0, 0, 0, 0, 0, 0, 0, 11, 5, 19, 15, 39, 37, 126, 265, 210.32, 'SRE-255');
INSERT INTO `cat_claves` (`id_claves`, `concepto`, `mts_1`, `mts_2`, `mts_3`, `mts_4`, `pata_1`, `pata_2`, `herraje_1`, `herraje_2`, `ebanisteria_1`, `ebanisteria_2`, `ebanisteria_3`, `maquinas`, `pegado_hule`, `armado`, `blanco`, `costura`, `tapiceria`, `total`, `mano_de_obra`, `porcentaje`, `imagen`) VALUES (145, 'SRB-226.9', 0, 0, 0, 0, 0, 0, 0, 0, 0, 0, 0, 18, 14, 27, 26, 69, 40, 194, 410, 211.34, 'SRB-226.9');
INSERT INTO `cat_claves` (`id_claves`, `concepto`, `mts_1`, `mts_2`, `mts_3`, `mts_4`, `pata_1`, `pata_2`, `herraje_1`, `herraje_2`, `ebanisteria_1`, `ebanisteria_2`, `ebanisteria_3`, `maquinas`, `pegado_hule`, `armado`, `blanco`, `costura`, `tapiceria`, `total`, `mano_de_obra`, `porcentaje`, `imagen`) VALUES (146, 'SRB-231', 0, 0, 0, 0, 0, 0, 0, 0, 0, 0, 0, 22, 14, 30, 26, 50, 60, 202, 441, 218.32, 'SRB-231');
INSERT INTO `cat_claves` (`id_claves`, `concepto`, `mts_1`, `mts_2`, `mts_3`, `mts_4`, `pata_1`, `pata_2`, `herraje_1`, `herraje_2`, `ebanisteria_1`, `ebanisteria_2`, `ebanisteria_3`, `maquinas`, `pegado_hule`, `armado`, `blanco`, `costura`, `tapiceria`, `total`, `mano_de_obra`, `porcentaje`, `imagen`) VALUES (147, 'SRB-234.9', 0, 0, 0, 0, 0, 0, 0, 0, 0, 0, 0, 23, 5, 30, 26, 50, 60, 194, 420, 216.49, 'SRB-234.9');
INSERT INTO `cat_claves` (`id_claves`, `concepto`, `mts_1`, `mts_2`, `mts_3`, `mts_4`, `pata_1`, `pata_2`, `herraje_1`, `herraje_2`, `ebanisteria_1`, `ebanisteria_2`, `ebanisteria_3`, `maquinas`, `pegado_hule`, `armado`, `blanco`, `costura`, `tapiceria`, `total`, `mano_de_obra`, `porcentaje`, `imagen`) VALUES (148, 'SRBE-103.5', 0, 0, 0, 0, 0, 0, 0, 0, 0, 0, 0, 12, 19, 30, 25, 41, 60, 187, 390, 208.56, 'SRBE-103.5');
INSERT INTO `cat_claves` (`id_claves`, `concepto`, `mts_1`, `mts_2`, `mts_3`, `mts_4`, `pata_1`, `pata_2`, `herraje_1`, `herraje_2`, `ebanisteria_1`, `ebanisteria_2`, `ebanisteria_3`, `maquinas`, `pegado_hule`, `armado`, `blanco`, `costura`, `tapiceria`, `total`, `mano_de_obra`, `porcentaje`, `imagen`) VALUES (149, 'SRBE-251', 0, 0, 0, 0, 0, 0, 0, 0, 0, 0, 0, 11, 14, 26, 17, 45, 34, 147, 310, 210.88, 'SRBE-251');
INSERT INTO `cat_claves` (`id_claves`, `concepto`, `mts_1`, `mts_2`, `mts_3`, `mts_4`, `pata_1`, `pata_2`, `herraje_1`, `herraje_2`, `ebanisteria_1`, `ebanisteria_2`, `ebanisteria_3`, `maquinas`, `pegado_hule`, `armado`, `blanco`, `costura`, `tapiceria`, `total`, `mano_de_obra`, `porcentaje`, `imagen`) VALUES (150, 'SD-89.1', 0, 0, 0, 0, 0, 0, 0, 0, 0, 0, 0, 30, 50, 65, 39, 90, 112, 386, 1035, 268.13, 'SD-89.1');
INSERT INTO `cat_claves` (`id_claves`, `concepto`, `mts_1`, `mts_2`, `mts_3`, `mts_4`, `pata_1`, `pata_2`, `herraje_1`, `herraje_2`, `ebanisteria_1`, `ebanisteria_2`, `ebanisteria_3`, `maquinas`, `pegado_hule`, `armado`, `blanco`, `costura`, `tapiceria`, `total`, `mano_de_obra`, `porcentaje`, `imagen`) VALUES (151, 'SD-89.2', 0, 0, 0, 0, 0, 0, 0, 0, 0, 0, 0, 22, 44, 48, 34, 67, 82, 297, 661, 222.56, 'SD-89.2');
INSERT INTO `cat_claves` (`id_claves`, `concepto`, `mts_1`, `mts_2`, `mts_3`, `mts_4`, `pata_1`, `pata_2`, `herraje_1`, `herraje_2`, `ebanisteria_1`, `ebanisteria_2`, `ebanisteria_3`, `maquinas`, `pegado_hule`, `armado`, `blanco`, `costura`, `tapiceria`, `total`, `mano_de_obra`, `porcentaje`, `imagen`) VALUES (152, 'SD-89.3', 0, 0, 0, 0, 0, 0, 0, 0, 0, 0, 0, 11, 38, 26, 17, 44, 35, 171, 414, 242.11, 'SD-89.3');
INSERT INTO `cat_claves` (`id_claves`, `concepto`, `mts_1`, `mts_2`, `mts_3`, `mts_4`, `pata_1`, `pata_2`, `herraje_1`, `herraje_2`, `ebanisteria_1`, `ebanisteria_2`, `ebanisteria_3`, `maquinas`, `pegado_hule`, `armado`, `blanco`, `costura`, `tapiceria`, `total`, `mano_de_obra`, `porcentaje`, `imagen`) VALUES (153, 'SEE-82', 0, 0, 0, 0, 0, 0, 0, 0, 0, 0, 0, 29, 65, 56, 55, 110, 110, 425, 850, 200, 'SEE-82');
INSERT INTO `cat_claves` (`id_claves`, `concepto`, `mts_1`, `mts_2`, `mts_3`, `mts_4`, `pata_1`, `pata_2`, `herraje_1`, `herraje_2`, `ebanisteria_1`, `ebanisteria_2`, `ebanisteria_3`, `maquinas`, `pegado_hule`, `armado`, `blanco`, `costura`, `tapiceria`, `total`, `mano_de_obra`, `porcentaje`, `imagen`) VALUES (154, 'SE-80.5', 0, 0, 0, 0, 0, 0, 0, 0, 0, 0, 0, 26, 65, 56, 55, 104, 98, 404, 861, 213.12, 'SE-80.5');
INSERT INTO `cat_claves` (`id_claves`, `concepto`, `mts_1`, `mts_2`, `mts_3`, `mts_4`, `pata_1`, `pata_2`, `herraje_1`, `herraje_2`, `ebanisteria_1`, `ebanisteria_2`, `ebanisteria_3`, `maquinas`, `pegado_hule`, `armado`, `blanco`, `costura`, `tapiceria`, `total`, `mano_de_obra`, `porcentaje`, `imagen`) VALUES (155, 'SC-577', 5.29, 0.36, 0.6, 0, 4, 0, 0, 0, 0, 0, 0, 18, 19, 30, 26, 60, 35, 188, 536, 285.11, 'SC-577');
INSERT INTO `cat_claves` (`id_claves`, `concepto`, `mts_1`, `mts_2`, `mts_3`, `mts_4`, `pata_1`, `pata_2`, `herraje_1`, `herraje_2`, `ebanisteria_1`, `ebanisteria_2`, `ebanisteria_3`, `maquinas`, `pegado_hule`, `armado`, `blanco`, `costura`, `tapiceria`, `total`, `mano_de_obra`, `porcentaje`, `imagen`) VALUES (156, 'SC-587', 0, 0, 0, 0, 0, 0, 0, 0, 0, 0, 0, 18, 23, 30, 17, 75, 65, 228, 553, 242.54, 'SC-587');
INSERT INTO `cat_claves` (`id_claves`, `concepto`, `mts_1`, `mts_2`, `mts_3`, `mts_4`, `pata_1`, `pata_2`, `herraje_1`, `herraje_2`, `ebanisteria_1`, `ebanisteria_2`, `ebanisteria_3`, `maquinas`, `pegado_hule`, `armado`, `blanco`, `costura`, `tapiceria`, `total`, `mano_de_obra`, `porcentaje`, `imagen`) VALUES (157, 'SCE-507.9', 0, 0, 0, 0, 0, 0, 0, 0, 0, 0, 0, 18, 23, 26, 23, 25, 33, 148, 459, 310.14, 'SCE-507.9');
INSERT INTO `cat_claves` (`id_claves`, `concepto`, `mts_1`, `mts_2`, `mts_3`, `mts_4`, `pata_1`, `pata_2`, `herraje_1`, `herraje_2`, `ebanisteria_1`, `ebanisteria_2`, `ebanisteria_3`, `maquinas`, `pegado_hule`, `armado`, `blanco`, `costura`, `tapiceria`, `total`, `mano_de_obra`, `porcentaje`, `imagen`) VALUES (158, 'SCE-553.9', 0, 0, 0, 0, 0, 0, 0, 0, 0, 0, 0, 12, 24, 25, 19, 38, 50, 168, 340, 202.38, 'SCE-553.9');
INSERT INTO `cat_claves` (`id_claves`, `concepto`, `mts_1`, `mts_2`, `mts_3`, `mts_4`, `pata_1`, `pata_2`, `herraje_1`, `herraje_2`, `ebanisteria_1`, `ebanisteria_2`, `ebanisteria_3`, `maquinas`, `pegado_hule`, `armado`, `blanco`, `costura`, `tapiceria`, `total`, `mano_de_obra`, `porcentaje`, `imagen`) VALUES (159, 'SCE-564.9', 0, 0, 0, 0, 0, 0, 0, 0, 0, 0, 0, 12, 27, 17, 9, 32, 37, 134, 406, 302.99, 'SCE-564.9');
INSERT INTO `cat_claves` (`id_claves`, `concepto`, `mts_1`, `mts_2`, `mts_3`, `mts_4`, `pata_1`, `pata_2`, `herraje_1`, `herraje_2`, `ebanisteria_1`, `ebanisteria_2`, `ebanisteria_3`, `maquinas`, `pegado_hule`, `armado`, `blanco`, `costura`, `tapiceria`, `total`, `mano_de_obra`, `porcentaje`, `imagen`) VALUES (160, 'SCE-564', 0, 0, 0, 0, 0, 0, 0, 0, 0, 0, 0, 12, 27, 17, 9, 32, 37, 134, 406, 302.99, 'SCE-564');
INSERT INTO `cat_claves` (`id_claves`, `concepto`, `mts_1`, `mts_2`, `mts_3`, `mts_4`, `pata_1`, `pata_2`, `herraje_1`, `herraje_2`, `ebanisteria_1`, `ebanisteria_2`, `ebanisteria_3`, `maquinas`, `pegado_hule`, `armado`, `blanco`, `costura`, `tapiceria`, `total`, `mano_de_obra`, `porcentaje`, `imagen`) VALUES (161, 'SRB-219', 0, 0, 0, 0, 0, 0, 0, 0, 0, 0, 0, 0, 0, 0, 0, 0, 0, 0, 400, 0, 'SRB-219');
INSERT INTO `cat_claves` (`id_claves`, `concepto`, `mts_1`, `mts_2`, `mts_3`, `mts_4`, `pata_1`, `pata_2`, `herraje_1`, `herraje_2`, `ebanisteria_1`, `ebanisteria_2`, `ebanisteria_3`, `maquinas`, `pegado_hule`, `armado`, `blanco`, `costura`, `tapiceria`, `total`, `mano_de_obra`, `porcentaje`, `imagen`) VALUES (162, 'MU-487', 4, 0, 0, 0, 4, 0, 0, 0, 0, 0, 0, 0, 0, 0, 0, 0, 0, 0, 265, 0, 'MU-487');
INSERT INTO `cat_claves` (`id_claves`, `concepto`, `mts_1`, `mts_2`, `mts_3`, `mts_4`, `pata_1`, `pata_2`, `herraje_1`, `herraje_2`, `ebanisteria_1`, `ebanisteria_2`, `ebanisteria_3`, `maquinas`, `pegado_hule`, `armado`, `blanco`, `costura`, `tapiceria`, `total`, `mano_de_obra`, `porcentaje`, `imagen`) VALUES (163, 'MU-546.5', 4.32, 0.16, 0, 0, 0, 0, 4, 0, 0, 0, 0, 0, 0, 0, 0, 0, 0, 0, 329, 0, 'MU-546.5');
INSERT INTO `cat_claves` (`id_claves`, `concepto`, `mts_1`, `mts_2`, `mts_3`, `mts_4`, `pata_1`, `pata_2`, `herraje_1`, `herraje_2`, `ebanisteria_1`, `ebanisteria_2`, `ebanisteria_3`, `maquinas`, `pegado_hule`, `armado`, `blanco`, `costura`, `tapiceria`, `total`, `mano_de_obra`, `porcentaje`, `imagen`) VALUES (164, 'SE-77.5', 1, 0, 0, 0, 0, 0, 0, 0, 0, 0, 0, 0, 0, 0, 0, 0, 0, 0, 750, 0, 'SE-77.5');
INSERT INTO `cat_claves` (`id_claves`, `concepto`, `mts_1`, `mts_2`, `mts_3`, `mts_4`, `pata_1`, `pata_2`, `herraje_1`, `herraje_2`, `ebanisteria_1`, `ebanisteria_2`, `ebanisteria_3`, `maquinas`, `pegado_hule`, `armado`, `blanco`, `costura`, `tapiceria`, `total`, `mano_de_obra`, `porcentaje`, `imagen`) VALUES (165, 'SCE-557.5.9', 1, 0, 0, 0, 4, 0, 0, 0, 0, 0, 0, 12, 23, 30, 26, 57, 55, 203, 427, 210.34, 'SCE-557.5.9');
INSERT INTO `cat_claves` (`id_claves`, `concepto`, `mts_1`, `mts_2`, `mts_3`, `mts_4`, `pata_1`, `pata_2`, `herraje_1`, `herraje_2`, `ebanisteria_1`, `ebanisteria_2`, `ebanisteria_3`, `maquinas`, `pegado_hule`, `armado`, `blanco`, `costura`, `tapiceria`, `total`, `mano_de_obra`, `porcentaje`, `imagen`) VALUES (166, 'MU-477', 5.02, 0, 0, 0, 4, 0, 0, 0, 0, 0, 0, 0, 0, 0, 0, 0, 0, 0, 493, 0, 'MU-477');
INSERT INTO `cat_claves` (`id_claves`, `concepto`, `mts_1`, `mts_2`, `mts_3`, `mts_4`, `pata_1`, `pata_2`, `herraje_1`, `herraje_2`, `ebanisteria_1`, `ebanisteria_2`, `ebanisteria_3`, `maquinas`, `pegado_hule`, `armado`, `blanco`, `costura`, `tapiceria`, `total`, `mano_de_obra`, `porcentaje`, `imagen`) VALUES (167, 'MU-560', 7.04, 0, 0, 0, 8, 0, 0, 0, 0, 0, 0, 0, 0, 0, 0, 0, 0, 0, 595, 0, 'MU-560');
INSERT INTO `cat_claves` (`id_claves`, `concepto`, `mts_1`, `mts_2`, `mts_3`, `mts_4`, `pata_1`, `pata_2`, `herraje_1`, `herraje_2`, `ebanisteria_1`, `ebanisteria_2`, `ebanisteria_3`, `maquinas`, `pegado_hule`, `armado`, `blanco`, `costura`, `tapiceria`, `total`, `mano_de_obra`, `porcentaje`, `imagen`) VALUES (168, 'MU-415', 5.46, 0, 0, 0, 8, 0, 0, 0, 1, 1, 0, 0, 0, 0, 0, 0, 0, 0, 550, 0, 'MU-415');
INSERT INTO `cat_claves` (`id_claves`, `concepto`, `mts_1`, `mts_2`, `mts_3`, `mts_4`, `pata_1`, `pata_2`, `herraje_1`, `herraje_2`, `ebanisteria_1`, `ebanisteria_2`, `ebanisteria_3`, `maquinas`, `pegado_hule`, `armado`, `blanco`, `costura`, `tapiceria`, `total`, `mano_de_obra`, `porcentaje`, `imagen`) VALUES (169, 'MU-412', 5.22, 0, 0, 0, 0, 0, 1, 0, 0, 0, 0, 0, 0, 0, 0, 0, 0, 0, 467, 0, 'MU-412');
INSERT INTO `cat_claves` (`id_claves`, `concepto`, `mts_1`, `mts_2`, `mts_3`, `mts_4`, `pata_1`, `pata_2`, `herraje_1`, `herraje_2`, `ebanisteria_1`, `ebanisteria_2`, `ebanisteria_3`, `maquinas`, `pegado_hule`, `armado`, `blanco`, `costura`, `tapiceria`, `total`, `mano_de_obra`, `porcentaje`, `imagen`) VALUES (170, 'MU-476', 9.58, 0, 0, 0, 6, 0, 0, 0, 0, 0, 0, 0, 0, 0, 0, 0, 0, 0, 892, 0, 'MU-476');
INSERT INTO `cat_claves` (`id_claves`, `concepto`, `mts_1`, `mts_2`, `mts_3`, `mts_4`, `pata_1`, `pata_2`, `herraje_1`, `herraje_2`, `ebanisteria_1`, `ebanisteria_2`, `ebanisteria_3`, `maquinas`, `pegado_hule`, `armado`, `blanco`, `costura`, `tapiceria`, `total`, `mano_de_obra`, `porcentaje`, `imagen`) VALUES (171, 'MU-530', 4.09, 0, 0, 0, 4, 0, 0, 0, 0, 0, 0, 0, 0, 0, 0, 0, 0, 0, 350, 0, 'MU-530');
INSERT INTO `cat_claves` (`id_claves`, `concepto`, `mts_1`, `mts_2`, `mts_3`, `mts_4`, `pata_1`, `pata_2`, `herraje_1`, `herraje_2`, `ebanisteria_1`, `ebanisteria_2`, `ebanisteria_3`, `maquinas`, `pegado_hule`, `armado`, `blanco`, `costura`, `tapiceria`, `total`, `mano_de_obra`, `porcentaje`, `imagen`) VALUES (172, 'CD-11-15', 0.42, 0, 0, 0, 0, 0, 0, 0, 0, 0, 0, 0, 0, 0, 0, 0, 0, 0, 6.58, 0, 'CD-11-15');
INSERT INTO `cat_claves` (`id_claves`, `concepto`, `mts_1`, `mts_2`, `mts_3`, `mts_4`, `pata_1`, `pata_2`, `herraje_1`, `herraje_2`, `ebanisteria_1`, `ebanisteria_2`, `ebanisteria_3`, `maquinas`, `pegado_hule`, `armado`, `blanco`, `costura`, `tapiceria`, `total`, `mano_de_obra`, `porcentaje`, `imagen`) VALUES (173, 'SRE-252.9', 2.45, 0, 0, 0, 0, 0, 0, 0, 1, 0, 0, 0, 0, 0, 0, 0, 0, 0, 310, 0, 'SRE-252.9');
INSERT INTO `cat_claves` (`id_claves`, `concepto`, `mts_1`, `mts_2`, `mts_3`, `mts_4`, `pata_1`, `pata_2`, `herraje_1`, `herraje_2`, `ebanisteria_1`, `ebanisteria_2`, `ebanisteria_3`, `maquinas`, `pegado_hule`, `armado`, `blanco`, `costura`, `tapiceria`, `total`, `mano_de_obra`, `porcentaje`, `imagen`) VALUES (174, 'SCE-608', 3.64, 0.63, 0, 0, 0, 0, 0, 0, 1, 0, 0, 0, 0, 0, 0, 0, 0, 0, 317, 0, 'SCE-608');
INSERT INTO `cat_claves` (`id_claves`, `concepto`, `mts_1`, `mts_2`, `mts_3`, `mts_4`, `pata_1`, `pata_2`, `herraje_1`, `herraje_2`, `ebanisteria_1`, `ebanisteria_2`, `ebanisteria_3`, `maquinas`, `pegado_hule`, `armado`, `blanco`, `costura`, `tapiceria`, `total`, `mano_de_obra`, `porcentaje`, `imagen`) VALUES (175, 'SCE-592.5', 3.34, 3.74, 0, 0, 4, 0, 0, 0, 0, 0, 0, 0, 0, 0, 0, 0, 0, 0, 390, 0, 'SCE-592.5');
INSERT INTO `cat_claves` (`id_claves`, `concepto`, `mts_1`, `mts_2`, `mts_3`, `mts_4`, `pata_1`, `pata_2`, `herraje_1`, `herraje_2`, `ebanisteria_1`, `ebanisteria_2`, `ebanisteria_3`, `maquinas`, `pegado_hule`, `armado`, `blanco`, `costura`, `tapiceria`, `total`, `mano_de_obra`, `porcentaje`, `imagen`) VALUES (176, 'SC-589', 7.48, 0, 0, 0, 4, 1, 0, 0, 0, 0, 0, 0, 0, 0, 0, 0, 0, 0, 435, 0, 'SC-589');
INSERT INTO `cat_claves` (`id_claves`, `concepto`, `mts_1`, `mts_2`, `mts_3`, `mts_4`, `pata_1`, `pata_2`, `herraje_1`, `herraje_2`, `ebanisteria_1`, `ebanisteria_2`, `ebanisteria_3`, `maquinas`, `pegado_hule`, `armado`, `blanco`, `costura`, `tapiceria`, `total`, `mano_de_obra`, `porcentaje`, `imagen`) VALUES (177, 'SCE-563.5', 3.64, 4.11, 0, 0, 4, 0, 0, 0, 0, 0, 0, 0, 0, 0, 0, 0, 0, 0, 450, 0, 'SCE-563.5');
INSERT INTO `cat_claves` (`id_claves`, `concepto`, `mts_1`, `mts_2`, `mts_3`, `mts_4`, `pata_1`, `pata_2`, `herraje_1`, `herraje_2`, `ebanisteria_1`, `ebanisteria_2`, `ebanisteria_3`, `maquinas`, `pegado_hule`, `armado`, `blanco`, `costura`, `tapiceria`, `total`, `mano_de_obra`, `porcentaje`, `imagen`) VALUES (178, 'SC-609', 8.79, 2.97, 1.4, 0, 4, 1, 0, 0, 0, 0, 0, 0, 0, 0, 0, 0, 0, 0, 650, 0, 'SC-609');
INSERT INTO `cat_claves` (`id_claves`, `concepto`, `mts_1`, `mts_2`, `mts_3`, `mts_4`, `pata_1`, `pata_2`, `herraje_1`, `herraje_2`, `ebanisteria_1`, `ebanisteria_2`, `ebanisteria_3`, `maquinas`, `pegado_hule`, `armado`, `blanco`, `costura`, `tapiceria`, `total`, `mano_de_obra`, `porcentaje`, `imagen`) VALUES (179, 'SRE-256', 4.21, 0, 0, 0, 2, 2, 0, 0, 1, 0, 0, 0, 0, 0, 0, 0, 0, 0, 300, 0, 'SRE-256');
INSERT INTO `cat_claves` (`id_claves`, `concepto`, `mts_1`, `mts_2`, `mts_3`, `mts_4`, `pata_1`, `pata_2`, `herraje_1`, `herraje_2`, `ebanisteria_1`, `ebanisteria_2`, `ebanisteria_3`, `maquinas`, `pegado_hule`, `armado`, `blanco`, `costura`, `tapiceria`, `total`, `mano_de_obra`, `porcentaje`, `imagen`) VALUES (180, 'SC-611', 7.39, 0, 0, 0, 8, 0, 0, 0, 1, 1, 0, 0, 0, 0, 0, 0, 0, 0, 634, 0, 'SC-611');
INSERT INTO `cat_claves` (`id_claves`, `concepto`, `mts_1`, `mts_2`, `mts_3`, `mts_4`, `pata_1`, `pata_2`, `herraje_1`, `herraje_2`, `ebanisteria_1`, `ebanisteria_2`, `ebanisteria_3`, `maquinas`, `pegado_hule`, `armado`, `blanco`, `costura`, `tapiceria`, `total`, `mano_de_obra`, `porcentaje`, `imagen`) VALUES (181, 'SD-91', 21.23, 0, 0, 0, 0, 0, 1, 1, 0, 0, 0, 0, 0, 0, 0, 0, 0, 0, 2200, 0, 'SD-91');
INSERT INTO `cat_claves` (`id_claves`, `concepto`, `mts_1`, `mts_2`, `mts_3`, `mts_4`, `pata_1`, `pata_2`, `herraje_1`, `herraje_2`, `ebanisteria_1`, `ebanisteria_2`, `ebanisteria_3`, `maquinas`, `pegado_hule`, `armado`, `blanco`, `costura`, `tapiceria`, `total`, `mano_de_obra`, `porcentaje`, `imagen`) VALUES (182, 'MU-588', 9.51, 0.63, 0, 0, 2, 4, 0, 0, 1, 0, 0, 0, 0, 0, 0, 0, 0, 0, 486, 0, 'MU-588');
INSERT INTO `cat_claves` (`id_claves`, `concepto`, `mts_1`, `mts_2`, `mts_3`, `mts_4`, `pata_1`, `pata_2`, `herraje_1`, `herraje_2`, `ebanisteria_1`, `ebanisteria_2`, `ebanisteria_3`, `maquinas`, `pegado_hule`, `armado`, `blanco`, `costura`, `tapiceria`, `total`, `mano_de_obra`, `porcentaje`, `imagen`) VALUES (183, 'MU-453', 6.6, 0.63, 0, 0, 4, 0, 0, 0, 0, 0, 0, 0, 0, 0, 0, 0, 0, 0, 460, 0, 'MU-453');
INSERT INTO `cat_claves` (`id_claves`, `concepto`, `mts_1`, `mts_2`, `mts_3`, `mts_4`, `pata_1`, `pata_2`, `herraje_1`, `herraje_2`, `ebanisteria_1`, `ebanisteria_2`, `ebanisteria_3`, `maquinas`, `pegado_hule`, `armado`, `blanco`, `costura`, `tapiceria`, `total`, `mano_de_obra`, `porcentaje`, `imagen`) VALUES (184, 'MU-596', 6, 0.63, 0, 0, 0, 0, 1, 0, 0, 0, 0, 0, 0, 0, 0, 0, 0, 0, 541, 0, 'MU-596');
INSERT INTO `cat_claves` (`id_claves`, `concepto`, `mts_1`, `mts_2`, `mts_3`, `mts_4`, `pata_1`, `pata_2`, `herraje_1`, `herraje_2`, `ebanisteria_1`, `ebanisteria_2`, `ebanisteria_3`, `maquinas`, `pegado_hule`, `armado`, `blanco`, `costura`, `tapiceria`, `total`, `mano_de_obra`, `porcentaje`, `imagen`) VALUES (185, 'MU-595', 9.16, 0.63, 0, 0, 4, 1, 0, 0, 0, 0, 0, 0, 0, 0, 0, 0, 0, 0, 580, 0, 'MU-595');
INSERT INTO `cat_claves` (`id_claves`, `concepto`, `mts_1`, `mts_2`, `mts_3`, `mts_4`, `pata_1`, `pata_2`, `herraje_1`, `herraje_2`, `ebanisteria_1`, `ebanisteria_2`, `ebanisteria_3`, `maquinas`, `pegado_hule`, `armado`, `blanco`, `costura`, `tapiceria`, `total`, `mano_de_obra`, `porcentaje`, `imagen`) VALUES (186, 'MU-597', 12, 2.79, 0.63, 0, 8, 1, 0, 0, 0, 0, 0, 0, 0, 0, 0, 0, 0, 0, 863, 0, 'MU-597');
INSERT INTO `cat_claves` (`id_claves`, `concepto`, `mts_1`, `mts_2`, `mts_3`, `mts_4`, `pata_1`, `pata_2`, `herraje_1`, `herraje_2`, `ebanisteria_1`, `ebanisteria_2`, `ebanisteria_3`, `maquinas`, `pegado_hule`, `armado`, `blanco`, `costura`, `tapiceria`, `total`, `mano_de_obra`, `porcentaje`, `imagen`) VALUES (187, 'MU-598', 4.23, 0, 0, 0, 4, 0, 0, 0, 0, 0, 0, 0, 0, 0, 0, 0, 0, 0, 299, 0, 'MU-598');
INSERT INTO `cat_claves` (`id_claves`, `concepto`, `mts_1`, `mts_2`, `mts_3`, `mts_4`, `pata_1`, `pata_2`, `herraje_1`, `herraje_2`, `ebanisteria_1`, `ebanisteria_2`, `ebanisteria_3`, `maquinas`, `pegado_hule`, `armado`, `blanco`, `costura`, `tapiceria`, `total`, `mano_de_obra`, `porcentaje`, `imagen`) VALUES (188, 'MU-604', 5.29, 0.63, 0, 0, 4, 0, 0, 0, 0, 0, 0, 0, 0, 0, 0, 0, 0, 0, 478, 0, 'MU-604');
INSERT INTO `cat_claves` (`id_claves`, `concepto`, `mts_1`, `mts_2`, `mts_3`, `mts_4`, `pata_1`, `pata_2`, `herraje_1`, `herraje_2`, `ebanisteria_1`, `ebanisteria_2`, `ebanisteria_3`, `maquinas`, `pegado_hule`, `armado`, `blanco`, `costura`, `tapiceria`, `total`, `mano_de_obra`, `porcentaje`, `imagen`) VALUES (189, 'MU-605', 6, 0.63, 0, 0, 4, 0, 0, 0, 0, 0, 0, 0, 0, 0, 0, 0, 0, 0, 484, 0, 'MU-605');
INSERT INTO `cat_claves` (`id_claves`, `concepto`, `mts_1`, `mts_2`, `mts_3`, `mts_4`, `pata_1`, `pata_2`, `herraje_1`, `herraje_2`, `ebanisteria_1`, `ebanisteria_2`, `ebanisteria_3`, `maquinas`, `pegado_hule`, `armado`, `blanco`, `costura`, `tapiceria`, `total`, `mano_de_obra`, `porcentaje`, `imagen`) VALUES (190, 'MU-606', 6.7, 0.63, 0, 0, 4, 0, 0, 0, 0, 0, 0, 0, 0, 0, 0, 0, 0, 0, 478, 0, 'MU-606');
INSERT INTO `cat_claves` (`id_claves`, `concepto`, `mts_1`, `mts_2`, `mts_3`, `mts_4`, `pata_1`, `pata_2`, `herraje_1`, `herraje_2`, `ebanisteria_1`, `ebanisteria_2`, `ebanisteria_3`, `maquinas`, `pegado_hule`, `armado`, `blanco`, `costura`, `tapiceria`, `total`, `mano_de_obra`, `porcentaje`, `imagen`) VALUES (191, 'MU-601', 4.16, 0, 0, 0, 0, 0, 0, 0, 1, 1, 0, 0, 0, 0, 0, 0, 0, 0, 526, 0, 'MU-601');
INSERT INTO `cat_claves` (`id_claves`, `concepto`, `mts_1`, `mts_2`, `mts_3`, `mts_4`, `pata_1`, `pata_2`, `herraje_1`, `herraje_2`, `ebanisteria_1`, `ebanisteria_2`, `ebanisteria_3`, `maquinas`, `pegado_hule`, `armado`, `blanco`, `costura`, `tapiceria`, `total`, `mano_de_obra`, `porcentaje`, `imagen`) VALUES (192, 'SRBX-221', 6.41, 0, 0, 0, 0, 0, 1, 0, 0, 0, 0, 0, 0, 0, 0, 0, 0, 0, 470, 0, 'SRBX-221');
INSERT INTO `cat_claves` (`id_claves`, `concepto`, `mts_1`, `mts_2`, `mts_3`, `mts_4`, `pata_1`, `pata_2`, `herraje_1`, `herraje_2`, `ebanisteria_1`, `ebanisteria_2`, `ebanisteria_3`, `maquinas`, `pegado_hule`, `armado`, `blanco`, `costura`, `tapiceria`, `total`, `mano_de_obra`, `porcentaje`, `imagen`) VALUES (193, 'MU-490', 7.96, 0.63, 0, 0, 8, 0, 0, 0, 0, 0, 0, 0, 0, 0, 0, 0, 0, 0, 685, 0, 'MU-490');
INSERT INTO `cat_claves` (`id_claves`, `concepto`, `mts_1`, `mts_2`, `mts_3`, `mts_4`, `pata_1`, `pata_2`, `herraje_1`, `herraje_2`, `ebanisteria_1`, `ebanisteria_2`, `ebanisteria_3`, `maquinas`, `pegado_hule`, `armado`, `blanco`, `costura`, `tapiceria`, `total`, `mano_de_obra`, `porcentaje`, `imagen`) VALUES (194, 'SC-06.9', 5.29, 0.63, 0, 0, 4, 0, 0, 0, 0, 0, 0, 0, 0, 0, 0, 0, 0, 0, 330, 0, 'SC-06.9');
INSERT INTO `cat_claves` (`id_claves`, `concepto`, `mts_1`, `mts_2`, `mts_3`, `mts_4`, `pata_1`, `pata_2`, `herraje_1`, `herraje_2`, `ebanisteria_1`, `ebanisteria_2`, `ebanisteria_3`, `maquinas`, `pegado_hule`, `armado`, `blanco`, `costura`, `tapiceria`, `total`, `mano_de_obra`, `porcentaje`, `imagen`) VALUES (195, 'SE-96.9', 13.33, 2.79, 1.26, 0, 8, 1, 0, 0, 1, 0, 0, 0, 0, 0, 0, 0, 0, 0, 880, 0, 'SE-96.9');
INSERT INTO `cat_claves` (`id_claves`, `concepto`, `mts_1`, `mts_2`, `mts_3`, `mts_4`, `pata_1`, `pata_2`, `herraje_1`, `herraje_2`, `ebanisteria_1`, `ebanisteria_2`, `ebanisteria_3`, `maquinas`, `pegado_hule`, `armado`, `blanco`, `costura`, `tapiceria`, `total`, `mano_de_obra`, `porcentaje`, `imagen`) VALUES (196, 'SCE-563.5.9', 4.14, 3.64, 0.6, 0, 4, 0, 0, 0, 0, 0, 0, 0, 0, 0, 0, 0, 0, 0, 470, 0, 'SCE-563.5.9');
INSERT INTO `cat_claves` (`id_claves`, `concepto`, `mts_1`, `mts_2`, `mts_3`, `mts_4`, `pata_1`, `pata_2`, `herraje_1`, `herraje_2`, `ebanisteria_1`, `ebanisteria_2`, `ebanisteria_3`, `maquinas`, `pegado_hule`, `armado`, `blanco`, `costura`, `tapiceria`, `total`, `mano_de_obra`, `porcentaje`, `imagen`) VALUES (197, 'SC-609.9', 8.79, 2.97, 0.63, 0, 4, 1, 0, 0, 0, 0, 0, 0, 0, 0, 0, 0, 0, 0, 650, 0, 'SC-609.9');
INSERT INTO `cat_claves` (`id_claves`, `concepto`, `mts_1`, `mts_2`, `mts_3`, `mts_4`, `pata_1`, `pata_2`, `herraje_1`, `herraje_2`, `ebanisteria_1`, `ebanisteria_2`, `ebanisteria_3`, `maquinas`, `pegado_hule`, `armado`, `blanco`, `costura`, `tapiceria`, `total`, `mano_de_obra`, `porcentaje`, `imagen`) VALUES (198, 'SC-439.9', 9.83, 0, 0, 0, 4, 0, 0, 0, 0, 0, 0, 0, 0, 0, 0, 0, 0, 0, 493, 0, 'SC-439.9');
INSERT INTO `cat_claves` (`id_claves`, `concepto`, `mts_1`, `mts_2`, `mts_3`, `mts_4`, `pata_1`, `pata_2`, `herraje_1`, `herraje_2`, `ebanisteria_1`, `ebanisteria_2`, `ebanisteria_3`, `maquinas`, `pegado_hule`, `armado`, `blanco`, `costura`, `tapiceria`, `total`, `mano_de_obra`, `porcentaje`, `imagen`) VALUES (199, 'SC-611.9', 7.39, 0, 0, 0, 8, 0, 0, 0, 1, 1, 0, 0, 0, 0, 0, 0, 0, 0, 634, 0, 'SC-611.9');
INSERT INTO `cat_claves` (`id_claves`, `concepto`, `mts_1`, `mts_2`, `mts_3`, `mts_4`, `pata_1`, `pata_2`, `herraje_1`, `herraje_2`, `ebanisteria_1`, `ebanisteria_2`, `ebanisteria_3`, `maquinas`, `pegado_hule`, `armado`, `blanco`, `costura`, `tapiceria`, `total`, `mano_de_obra`, `porcentaje`, `imagen`) VALUES (200, 'SCE-576.5.9', 6.6, 0, 0, 0, 4, 0, 0, 0, 0, 0, 0, 0, 0, 0, 0, 0, 0, 0, 500, 0, 'SCE-576.5.9');
INSERT INTO `cat_claves` (`id_claves`, `concepto`, `mts_1`, `mts_2`, `mts_3`, `mts_4`, `pata_1`, `pata_2`, `herraje_1`, `herraje_2`, `ebanisteria_1`, `ebanisteria_2`, `ebanisteria_3`, `maquinas`, `pegado_hule`, `armado`, `blanco`, `costura`, `tapiceria`, `total`, `mano_de_obra`, `porcentaje`, `imagen`) VALUES (201, 'SC-588.9', 7.71, 0, 0, 0, 8, 0, 0, 0, 0, 0, 0, 0, 0, 0, 0, 0, 0, 0, 670, 0, 'SC-588.9');
INSERT INTO `cat_claves` (`id_claves`, `concepto`, `mts_1`, `mts_2`, `mts_3`, `mts_4`, `pata_1`, `pata_2`, `herraje_1`, `herraje_2`, `ebanisteria_1`, `ebanisteria_2`, `ebanisteria_3`, `maquinas`, `pegado_hule`, `armado`, `blanco`, `costura`, `tapiceria`, `total`, `mano_de_obra`, `porcentaje`, `imagen`) VALUES (202, 'SRBEX-249.5.9', 4.14, 0, 0, 0, 0, 0, 1, 0, 0, 0, 0, 0, 0, 0, 0, 0, 0, 0, 260, 0, 'SRBEX-249.5.9');
INSERT INTO `cat_claves` (`id_claves`, `concepto`, `mts_1`, `mts_2`, `mts_3`, `mts_4`, `pata_1`, `pata_2`, `herraje_1`, `herraje_2`, `ebanisteria_1`, `ebanisteria_2`, `ebanisteria_3`, `maquinas`, `pegado_hule`, `armado`, `blanco`, `costura`, `tapiceria`, `total`, `mano_de_obra`, `porcentaje`, `imagen`) VALUES (203, 'SRBX-257.9', 5.74, 0, 0, 0, 0, 0, 1, 0, 0, 0, 0, 0, 0, 0, 0, 0, 0, 0, 470, 0, 'SRBX-257.9');
INSERT INTO `cat_claves` (`id_claves`, `concepto`, `mts_1`, `mts_2`, `mts_3`, `mts_4`, `pata_1`, `pata_2`, `herraje_1`, `herraje_2`, `ebanisteria_1`, `ebanisteria_2`, `ebanisteria_3`, `maquinas`, `pegado_hule`, `armado`, `blanco`, `costura`, `tapiceria`, `total`, `mano_de_obra`, `porcentaje`, `imagen`) VALUES (204, 'SRB-257.9', 5.74, 0, 0, 0, 0, 0, 1, 0, 0, 0, 0, 0, 0, 0, 0, 0, 0, 0, 455, 0, 'SRB-257.9');
INSERT INTO `cat_claves` (`id_claves`, `concepto`, `mts_1`, `mts_2`, `mts_3`, `mts_4`, `pata_1`, `pata_2`, `herraje_1`, `herraje_2`, `ebanisteria_1`, `ebanisteria_2`, `ebanisteria_3`, `maquinas`, `pegado_hule`, `armado`, `blanco`, `costura`, `tapiceria`, `total`, `mano_de_obra`, `porcentaje`, `imagen`) VALUES (205, 'SD-91.3.9', 5.79, 0, 0, 0, 0, 0, 1, 0, 0, 0, 0, 0, 0, 0, 0, 0, 0, 0, 480, 0, 'SD-91.3.9');
INSERT INTO `cat_claves` (`id_claves`, `concepto`, `mts_1`, `mts_2`, `mts_3`, `mts_4`, `pata_1`, `pata_2`, `herraje_1`, `herraje_2`, `ebanisteria_1`, `ebanisteria_2`, `ebanisteria_3`, `maquinas`, `pegado_hule`, `armado`, `blanco`, `costura`, `tapiceria`, `total`, `mano_de_obra`, `porcentaje`, `imagen`) VALUES (206, 'SRE-256.9', 4.21, 0, 0, 0, 2, 2, 0, 0, 1, 0, 0, 0, 0, 0, 0, 0, 0, 0, 300, 0, 'SRE-256.9');
INSERT INTO `cat_claves` (`id_claves`, `concepto`, `mts_1`, `mts_2`, `mts_3`, `mts_4`, `pata_1`, `pata_2`, `herraje_1`, `herraje_2`, `ebanisteria_1`, `ebanisteria_2`, `ebanisteria_3`, `maquinas`, `pegado_hule`, `armado`, `blanco`, `costura`, `tapiceria`, `total`, `mano_de_obra`, `porcentaje`, `imagen`) VALUES (207, 'SR-258.9', 4.11, 0, 0, 0, 4, 0, 0, 0, 0, 0, 0, 0, 0, 0, 0, 0, 0, 0, 300, 0, 'SR-258.9');
INSERT INTO `cat_claves` (`id_claves`, `concepto`, `mts_1`, `mts_2`, `mts_3`, `mts_4`, `pata_1`, `pata_2`, `herraje_1`, `herraje_2`, `ebanisteria_1`, `ebanisteria_2`, `ebanisteria_3`, `maquinas`, `pegado_hule`, `armado`, `blanco`, `costura`, `tapiceria`, `total`, `mano_de_obra`, `porcentaje`, `imagen`) VALUES (208, 'SE-89.9', 13.18, 0.63, 0, 0, 10, 0, 0, 0, 0, 0, 0, 0, 0, 0, 0, 0, 0, 0, 977, 0, 'SE-89.9');
INSERT INTO `cat_claves` (`id_claves`, `concepto`, `mts_1`, `mts_2`, `mts_3`, `mts_4`, `pata_1`, `pata_2`, `herraje_1`, `herraje_2`, `ebanisteria_1`, `ebanisteria_2`, `ebanisteria_3`, `maquinas`, `pegado_hule`, `armado`, `blanco`, `costura`, `tapiceria`, `total`, `mano_de_obra`, `porcentaje`, `imagen`) VALUES (209, 'SC-588', 8.48, 0, 0, 0, 8, 0, 0, 0, 0, 0, 0, 0, 0, 0, 0, 0, 0, 0, 670, 0, 'SC-588');
INSERT INTO `cat_claves` (`id_claves`, `concepto`, `mts_1`, `mts_2`, `mts_3`, `mts_4`, `pata_1`, `pata_2`, `herraje_1`, `herraje_2`, `ebanisteria_1`, `ebanisteria_2`, `ebanisteria_3`, `maquinas`, `pegado_hule`, `armado`, `blanco`, `costura`, `tapiceria`, `total`, `mano_de_obra`, `porcentaje`, `imagen`) VALUES (210, 'SC-06.2', 5.29, 0, 0, 0, 4, 0, 0, 0, 0, 0, 0, 0, 0, 0, 0, 0, 0, 0, 330, 0, 'SC-06.2');
INSERT INTO `cat_claves` (`id_claves`, `concepto`, `mts_1`, `mts_2`, `mts_3`, `mts_4`, `pata_1`, `pata_2`, `herraje_1`, `herraje_2`, `ebanisteria_1`, `ebanisteria_2`, `ebanisteria_3`, `maquinas`, `pegado_hule`, `armado`, `blanco`, `costura`, `tapiceria`, `total`, `mano_de_obra`, `porcentaje`, `imagen`) VALUES (211, 'SRBEX-251.5', 4.56, 0, 0, 0, 0, 0, 1, 0, 0, 0, 0, 0, 0, 0, 0, 0, 0, 0, 310, 0, 'SRBEX-251.5');
INSERT INTO `cat_claves` (`id_claves`, `concepto`, `mts_1`, `mts_2`, `mts_3`, `mts_4`, `pata_1`, `pata_2`, `herraje_1`, `herraje_2`, `ebanisteria_1`, `ebanisteria_2`, `ebanisteria_3`, `maquinas`, `pegado_hule`, `armado`, `blanco`, `costura`, `tapiceria`, `total`, `mano_de_obra`, `porcentaje`, `imagen`) VALUES (212, 'SRE-206 P 60/40', 4.06, 0, 0, 0, 4, 0, 0, 0, 0, 0, 0, 0, 0, 0, 0, 0, 0, 0, 260, 0, 'SRE-206 P 60/40');
INSERT INTO `cat_claves` (`id_claves`, `concepto`, `mts_1`, `mts_2`, `mts_3`, `mts_4`, `pata_1`, `pata_2`, `herraje_1`, `herraje_2`, `ebanisteria_1`, `ebanisteria_2`, `ebanisteria_3`, `maquinas`, `pegado_hule`, `armado`, `blanco`, `costura`, `tapiceria`, `total`, `mano_de_obra`, `porcentaje`, `imagen`) VALUES (213, 'SRE-206 P 70/30', 4.06, 0, 0, 0, 4, 0, 0, 0, 0, 0, 0, 0, 0, 0, 0, 0, 0, 0, 260, 0, 'SRE-206 P 70/30');
INSERT INTO `cat_claves` (`id_claves`, `concepto`, `mts_1`, `mts_2`, `mts_3`, `mts_4`, `pata_1`, `pata_2`, `herraje_1`, `herraje_2`, `ebanisteria_1`, `ebanisteria_2`, `ebanisteria_3`, `maquinas`, `pegado_hule`, `armado`, `blanco`, `costura`, `tapiceria`, `total`, `mano_de_obra`, `porcentaje`, `imagen`) VALUES (214, 'SRE-206 P 80/20', 4.06, 0, 0, 0, 4, 0, 0, 0, 0, 0, 0, 0, 0, 0, 0, 0, 0, 0, 260, 0, 'SRE-206 P 80/20');
INSERT INTO `cat_claves` (`id_claves`, `concepto`, `mts_1`, `mts_2`, `mts_3`, `mts_4`, `pata_1`, `pata_2`, `herraje_1`, `herraje_2`, `ebanisteria_1`, `ebanisteria_2`, `ebanisteria_3`, `maquinas`, `pegado_hule`, `armado`, `blanco`, `costura`, `tapiceria`, `total`, `mano_de_obra`, `porcentaje`, `imagen`) VALUES (215, 'SC-607.8', 7.45, 0, 0, 0, 8, 0, 0, 0, 1, 1, 0, 0, 0, 0, 0, 0, 0, 0, 645, 0, 'SC-607.8');
INSERT INTO `cat_claves` (`id_claves`, `concepto`, `mts_1`, `mts_2`, `mts_3`, `mts_4`, `pata_1`, `pata_2`, `herraje_1`, `herraje_2`, `ebanisteria_1`, `ebanisteria_2`, `ebanisteria_3`, `maquinas`, `pegado_hule`, `armado`, `blanco`, `costura`, `tapiceria`, `total`, `mano_de_obra`, `porcentaje`, `imagen`) VALUES (216, 'SC-588.8', 8.1, 0, 0, 0, 8, 0, 0, 0, 0, 0, 0, 0, 0, 0, 0, 0, 0, 0, 620, 0, 'SC-588.8');
INSERT INTO `cat_claves` (`id_claves`, `concepto`, `mts_1`, `mts_2`, `mts_3`, `mts_4`, `pata_1`, `pata_2`, `herraje_1`, `herraje_2`, `ebanisteria_1`, `ebanisteria_2`, `ebanisteria_3`, `maquinas`, `pegado_hule`, `armado`, `blanco`, `costura`, `tapiceria`, `total`, `mano_de_obra`, `porcentaje`, `imagen`) VALUES (217, 'SC-615.8', 3.7, 4.2, 0.6, 0, 4, 0, 0, 0, 0, 0, 0, 0, 0, 0, 0, 0, 0, 0, 470, 0, 'SC-615.8');
INSERT INTO `cat_claves` (`id_claves`, `concepto`, `mts_1`, `mts_2`, `mts_3`, `mts_4`, `pata_1`, `pata_2`, `herraje_1`, `herraje_2`, `ebanisteria_1`, `ebanisteria_2`, `ebanisteria_3`, `maquinas`, `pegado_hule`, `armado`, `blanco`, `costura`, `tapiceria`, `total`, `mano_de_obra`, `porcentaje`, `imagen`) VALUES (218, 'SE-90.8', 14, 0, 0, 0, 8, 0, 0, 0, 0, 0, 0, 0, 0, 0, 0, 0, 0, 0, 860, 0, 'SE-90.8');
INSERT INTO `cat_claves` (`id_claves`, `concepto`, `mts_1`, `mts_2`, `mts_3`, `mts_4`, `pata_1`, `pata_2`, `herraje_1`, `herraje_2`, `ebanisteria_1`, `ebanisteria_2`, `ebanisteria_3`, `maquinas`, `pegado_hule`, `armado`, `blanco`, `costura`, `tapiceria`, `total`, `mano_de_obra`, `porcentaje`, `imagen`) VALUES (219, 'SC-616.8', 3.34, 3.74, 0, 0, 4, 0, 0, 0, 0, 0, 0, 0, 0, 0, 0, 0, 0, 0, 400, 0, 'SC-616.8');
INSERT INTO `cat_claves` (`id_claves`, `concepto`, `mts_1`, `mts_2`, `mts_3`, `mts_4`, `pata_1`, `pata_2`, `herraje_1`, `herraje_2`, `ebanisteria_1`, `ebanisteria_2`, `ebanisteria_3`, `maquinas`, `pegado_hule`, `armado`, `blanco`, `costura`, `tapiceria`, `total`, `mano_de_obra`, `porcentaje`, `imagen`) VALUES (220, 'SD-97.1.8', 12, 0, 0, 0, 4, 0, 1, 1, 0, 0, 0, 0, 0, 0, 0, 0, 0, 0, 1240, 0, 'SD-97.1.8');
INSERT INTO `cat_claves` (`id_claves`, `concepto`, `mts_1`, `mts_2`, `mts_3`, `mts_4`, `pata_1`, `pata_2`, `herraje_1`, `herraje_2`, `ebanisteria_1`, `ebanisteria_2`, `ebanisteria_3`, `maquinas`, `pegado_hule`, `armado`, `blanco`, `costura`, `tapiceria`, `total`, `mano_de_obra`, `porcentaje`, `imagen`) VALUES (221, 'SD-97.2.8', 10.7, 0, 0, 0, 4, 0, 1, 1, 0, 0, 0, 0, 0, 0, 0, 0, 0, 0, 1090, 0, 'SD-97.2.8');
INSERT INTO `cat_claves` (`id_claves`, `concepto`, `mts_1`, `mts_2`, `mts_3`, `mts_4`, `pata_1`, `pata_2`, `herraje_1`, `herraje_2`, `ebanisteria_1`, `ebanisteria_2`, `ebanisteria_3`, `maquinas`, `pegado_hule`, `armado`, `blanco`, `costura`, `tapiceria`, `total`, `mano_de_obra`, `porcentaje`, `imagen`) VALUES (222, 'SD-97.3.8', 5.89, 0, 0, 0, 0, 0, 1, 0, 0, 0, 0, 0, 0, 0, 0, 0, 0, 0, 520, 0, 'SD-97.3.8');
INSERT INTO `cat_claves` (`id_claves`, `concepto`, `mts_1`, `mts_2`, `mts_3`, `mts_4`, `pata_1`, `pata_2`, `herraje_1`, `herraje_2`, `ebanisteria_1`, `ebanisteria_2`, `ebanisteria_3`, `maquinas`, `pegado_hule`, `armado`, `blanco`, `costura`, `tapiceria`, `total`, `mano_de_obra`, `porcentaje`, `imagen`) VALUES (223, 'SC-609.8', 8.85, 2.97, 0.63, 0, 4, 1, 0, 0, 0, 0, 0, 0, 0, 0, 0, 0, 0, 0, 675, 0, 'SC-609.8');
INSERT INTO `cat_claves` (`id_claves`, `concepto`, `mts_1`, `mts_2`, `mts_3`, `mts_4`, `pata_1`, `pata_2`, `herraje_1`, `herraje_2`, `ebanisteria_1`, `ebanisteria_2`, `ebanisteria_3`, `maquinas`, `pegado_hule`, `armado`, `blanco`, `costura`, `tapiceria`, `total`, `mano_de_obra`, `porcentaje`, `imagen`) VALUES (224, 'SC-589.8', 7.45, 0.6, 0, 0, 4, 1, 0, 0, 0, 0, 0, 0, 0, 0, 0, 0, 0, 0, 460, 0, 'SC-589.8');
INSERT INTO `cat_claves` (`id_claves`, `concepto`, `mts_1`, `mts_2`, `mts_3`, `mts_4`, `pata_1`, `pata_2`, `herraje_1`, `herraje_2`, `ebanisteria_1`, `ebanisteria_2`, `ebanisteria_3`, `maquinas`, `pegado_hule`, `armado`, `blanco`, `costura`, `tapiceria`, `total`, `mano_de_obra`, `porcentaje`, `imagen`) VALUES (225, 'SRBX-221.8', 6.65, 0, 0, 0, 0, 0, 1, 0, 0, 0, 0, 0, 0, 0, 0, 0, 0, 0, 525, 0, 'SRBX-221.8');
INSERT INTO `cat_claves` (`id_claves`, `concepto`, `mts_1`, `mts_2`, `mts_3`, `mts_4`, `pata_1`, `pata_2`, `herraje_1`, `herraje_2`, `ebanisteria_1`, `ebanisteria_2`, `ebanisteria_3`, `maquinas`, `pegado_hule`, `armado`, `blanco`, `costura`, `tapiceria`, `total`, `mano_de_obra`, `porcentaje`, `imagen`) VALUES (226, 'SR-259.8', 4.4, 0, 0, 0, 2, 2, 0, 0, 1, 0, 0, 0, 0, 0, 0, 0, 0, 0, 425, 0, 'SR-259.8');
INSERT INTO `cat_claves` (`id_claves`, `concepto`, `mts_1`, `mts_2`, `mts_3`, `mts_4`, `pata_1`, `pata_2`, `herraje_1`, `herraje_2`, `ebanisteria_1`, `ebanisteria_2`, `ebanisteria_3`, `maquinas`, `pegado_hule`, `armado`, `blanco`, `costura`, `tapiceria`, `total`, `mano_de_obra`, `porcentaje`, `imagen`) VALUES (227, 'SRBX-253.8', 6.1, 0, 0, 0, 0, 0, 1, 0, 0, 0, 0, 0, 0, 0, 0, 0, 0, 0, 545, 0, 'SRBX-253.8');
INSERT INTO `cat_claves` (`id_claves`, `concepto`, `mts_1`, `mts_2`, `mts_3`, `mts_4`, `pata_1`, `pata_2`, `herraje_1`, `herraje_2`, `ebanisteria_1`, `ebanisteria_2`, `ebanisteria_3`, `maquinas`, `pegado_hule`, `armado`, `blanco`, `costura`, `tapiceria`, `total`, `mano_de_obra`, `porcentaje`, `imagen`) VALUES (228, 'SRBX-257.8', 5.85, 0, 0, 0, 0, 0, 1, 0, 0, 0, 0, 0, 0, 0, 0, 0, 0, 0, 520, 0, 'SRBX-257.8');
INSERT INTO `cat_claves` (`id_claves`, `concepto`, `mts_1`, `mts_2`, `mts_3`, `mts_4`, `pata_1`, `pata_2`, `herraje_1`, `herraje_2`, `ebanisteria_1`, `ebanisteria_2`, `ebanisteria_3`, `maquinas`, `pegado_hule`, `armado`, `blanco`, `costura`, `tapiceria`, `total`, `mano_de_obra`, `porcentaje`, `imagen`) VALUES (229, 'SE-96.8', 13.33, 2.97, 0.63, 0, 8, 1, 0, 0, 0, 0, 0, 0, 0, 0, 0, 0, 0, 0, 910, 0, 'SE-96.8');
INSERT INTO `cat_claves` (`id_claves`, `concepto`, `mts_1`, `mts_2`, `mts_3`, `mts_4`, `pata_1`, `pata_2`, `herraje_1`, `herraje_2`, `ebanisteria_1`, `ebanisteria_2`, `ebanisteria_3`, `maquinas`, `pegado_hule`, `armado`, `blanco`, `costura`, `tapiceria`, `total`, `mano_de_obra`, `porcentaje`, `imagen`) VALUES (230, 'SE-86.9', 10.88, 0.63, 0, 0, 8, 0, 0, 0, 0, 0, 0, 0, 0, 0, 0, 0, 0, 0, 800, 0, 'SE-86.9');
INSERT INTO `cat_claves` (`id_claves`, `concepto`, `mts_1`, `mts_2`, `mts_3`, `mts_4`, `pata_1`, `pata_2`, `herraje_1`, `herraje_2`, `ebanisteria_1`, `ebanisteria_2`, `ebanisteria_3`, `maquinas`, `pegado_hule`, `armado`, `blanco`, `costura`, `tapiceria`, `total`, `mano_de_obra`, `porcentaje`, `imagen`) VALUES (231, 'SRE-196.9', 4.35, 0, 0, 0, 4, 0, 0, 0, 0, 0, 0, 0, 0, 0, 0, 0, 0, 0, 260, 0, 'SRE-196.9');
INSERT INTO `cat_claves` (`id_claves`, `concepto`, `mts_1`, `mts_2`, `mts_3`, `mts_4`, `pata_1`, `pata_2`, `herraje_1`, `herraje_2`, `ebanisteria_1`, `ebanisteria_2`, `ebanisteria_3`, `maquinas`, `pegado_hule`, `armado`, `blanco`, `costura`, `tapiceria`, `total`, `mano_de_obra`, `porcentaje`, `imagen`) VALUES (232, 'SE-96', 13.33, 2.93, 0.63, 0.37, 8, 1, 0, 0, 1, 0, 0, 0, 0, 0, 0, 0, 0, 0, 880, 0, 'SE-96');
INSERT INTO `cat_claves` (`id_claves`, `concepto`, `mts_1`, `mts_2`, `mts_3`, `mts_4`, `pata_1`, `pata_2`, `herraje_1`, `herraje_2`, `ebanisteria_1`, `ebanisteria_2`, `ebanisteria_3`, `maquinas`, `pegado_hule`, `armado`, `blanco`, `costura`, `tapiceria`, `total`, `mano_de_obra`, `porcentaje`, `imagen`) VALUES (233, 'SD-97.8', 23.2, 0, 0, 0, 16, 0, 2, 0, 0, 0, 0, 0, 0, 0, 0, 0, 0, 0, 2400, 0, 'SD-97.8');
INSERT INTO `cat_claves` (`id_claves`, `concepto`, `mts_1`, `mts_2`, `mts_3`, `mts_4`, `pata_1`, `pata_2`, `herraje_1`, `herraje_2`, `ebanisteria_1`, `ebanisteria_2`, `ebanisteria_3`, `maquinas`, `pegado_hule`, `armado`, `blanco`, `costura`, `tapiceria`, `total`, `mano_de_obra`, `porcentaje`, `imagen`) VALUES (234, 'SCE-516', 4.64, 0, 0, 0, 4, 0, 0, 0, 0, 0, 0, 0, 0, 0, 0, 0, 0, 0, 325, 0, 'SCE-516');
INSERT INTO `cat_claves` (`id_claves`, `concepto`, `mts_1`, `mts_2`, `mts_3`, `mts_4`, `pata_1`, `pata_2`, `herraje_1`, `herraje_2`, `ebanisteria_1`, `ebanisteria_2`, `ebanisteria_3`, `maquinas`, `pegado_hule`, `armado`, `blanco`, `costura`, `tapiceria`, `total`, `mano_de_obra`, `porcentaje`, `imagen`) VALUES (235, 'SC-614', 7.22, 0.37, 0.32, 0, 4, 0, 0, 0, 0, 0, 0, 0, 0, 0, 0, 0, 0, 0, 340, 0, 'SC-614');
INSERT INTO `cat_claves` (`id_claves`, `concepto`, `mts_1`, `mts_2`, `mts_3`, `mts_4`, `pata_1`, `pata_2`, `herraje_1`, `herraje_2`, `ebanisteria_1`, `ebanisteria_2`, `ebanisteria_3`, `maquinas`, `pegado_hule`, `armado`, `blanco`, `costura`, `tapiceria`, `total`, `mano_de_obra`, `porcentaje`, `imagen`) VALUES (236, 'SC-613', 6.15, 0.6, 0, 0, 4, 0, 0, 0, 0, 0, 0, 0, 0, 0, 0, 0, 0, 0, 430, 0, 'SC-613');
INSERT INTO `cat_claves` (`id_claves`, `concepto`, `mts_1`, `mts_2`, `mts_3`, `mts_4`, `pata_1`, `pata_2`, `herraje_1`, `herraje_2`, `ebanisteria_1`, `ebanisteria_2`, `ebanisteria_3`, `maquinas`, `pegado_hule`, `armado`, `blanco`, `costura`, `tapiceria`, `total`, `mano_de_obra`, `porcentaje`, `imagen`) VALUES (237, 'SCE-576.5', 6.6, 0, 0, 0, 4, 0, 0, 0, 0, 0, 0, 0, 0, 0, 0, 0, 0, 0, 500, 0, 'SCE-576.5');
INSERT INTO `cat_claves` (`id_claves`, `concepto`, `mts_1`, `mts_2`, `mts_3`, `mts_4`, `pata_1`, `pata_2`, `herraje_1`, `herraje_2`, `ebanisteria_1`, `ebanisteria_2`, `ebanisteria_3`, `maquinas`, `pegado_hule`, `armado`, `blanco`, `costura`, `tapiceria`, `total`, `mano_de_obra`, `porcentaje`, `imagen`) VALUES (238, 'SRBX-257', 5.74, 0, 0, 0, 0, 0, 1, 0, 0, 0, 0, 0, 0, 0, 0, 0, 0, 0, 470, 0, 'SRBX-257');
INSERT INTO `cat_claves` (`id_claves`, `concepto`, `mts_1`, `mts_2`, `mts_3`, `mts_4`, `pata_1`, `pata_2`, `herraje_1`, `herraje_2`, `ebanisteria_1`, `ebanisteria_2`, `ebanisteria_3`, `maquinas`, `pegado_hule`, `armado`, `blanco`, `costura`, `tapiceria`, `total`, `mano_de_obra`, `porcentaje`, `imagen`) VALUES (239, 'SC-112.5', 1.84, 4.34, 0, 0, 4, 0, 0, 0, 0, 0, 0, 0, 0, 0, 0, 0, 0, 0, 310, 0, 'SC-112.5');
INSERT INTO `cat_claves` (`id_claves`, `concepto`, `mts_1`, `mts_2`, `mts_3`, `mts_4`, `pata_1`, `pata_2`, `herraje_1`, `herraje_2`, `ebanisteria_1`, `ebanisteria_2`, `ebanisteria_3`, `maquinas`, `pegado_hule`, `armado`, `blanco`, `costura`, `tapiceria`, `total`, `mano_de_obra`, `porcentaje`, `imagen`) VALUES (240, 'SRBEX-250', 7.86, 0, 0, 0, 0, 0, 1, 0, 0, 0, 0, 0, 0, 0, 0, 0, 0, 0, 265, 0, 'SRBEX-250');
INSERT INTO `cat_claves` (`id_claves`, `concepto`, `mts_1`, `mts_2`, `mts_3`, `mts_4`, `pata_1`, `pata_2`, `herraje_1`, `herraje_2`, `ebanisteria_1`, `ebanisteria_2`, `ebanisteria_3`, `maquinas`, `pegado_hule`, `armado`, `blanco`, `costura`, `tapiceria`, `total`, `mano_de_obra`, `porcentaje`, `imagen`) VALUES (241, 'SC-485', 5.44, 0, 0, 0, 4, 0, 0, 0, 0, 0, 0, 0, 0, 0, 0, 0, 0, 0, 440, 0, 'SC-485');
INSERT INTO `cat_claves` (`id_claves`, `concepto`, `mts_1`, `mts_2`, `mts_3`, `mts_4`, `pata_1`, `pata_2`, `herraje_1`, `herraje_2`, `ebanisteria_1`, `ebanisteria_2`, `ebanisteria_3`, `maquinas`, `pegado_hule`, `armado`, `blanco`, `costura`, `tapiceria`, `total`, `mano_de_obra`, `porcentaje`, `imagen`) VALUES (242, 'SC-518', 5.63, 0.6, 0, 0, 4, 0, 0, 0, 0, 0, 0, 0, 0, 0, 0, 0, 0, 0, 380, 0, 'SC-518');
INSERT INTO `cat_claves` (`id_claves`, `concepto`, `mts_1`, `mts_2`, `mts_3`, `mts_4`, `pata_1`, `pata_2`, `herraje_1`, `herraje_2`, `ebanisteria_1`, `ebanisteria_2`, `ebanisteria_3`, `maquinas`, `pegado_hule`, `armado`, `blanco`, `costura`, `tapiceria`, `total`, `mano_de_obra`, `porcentaje`, `imagen`) VALUES (243, 'SC-527', 6.98, 0.63, 0, 0, 0, 0, 0, 0, 1, 0, 0, 0, 0, 0, 0, 0, 0, 0, 380, 0, 'SC-527');
INSERT INTO `cat_claves` (`id_claves`, `concepto`, `mts_1`, `mts_2`, `mts_3`, `mts_4`, `pata_1`, `pata_2`, `herraje_1`, `herraje_2`, `ebanisteria_1`, `ebanisteria_2`, `ebanisteria_3`, `maquinas`, `pegado_hule`, `armado`, `blanco`, `costura`, `tapiceria`, `total`, `mano_de_obra`, `porcentaje`, `imagen`) VALUES (244, 'SC-528', 7.8, 0.63, 0, 0, 4, 0, 0, 0, 1, 0, 0, 0, 0, 0, 0, 0, 0, 0, 350, 0, 'SC-528');
INSERT INTO `cat_claves` (`id_claves`, `concepto`, `mts_1`, `mts_2`, `mts_3`, `mts_4`, `pata_1`, `pata_2`, `herraje_1`, `herraje_2`, `ebanisteria_1`, `ebanisteria_2`, `ebanisteria_3`, `maquinas`, `pegado_hule`, `armado`, `blanco`, `costura`, `tapiceria`, `total`, `mano_de_obra`, `porcentaje`, `imagen`) VALUES (245, 'SCE-464', 4.92, 0, 0, 0, 4, 0, 0, 0, 0, 0, 0, 0, 0, 0, 0, 0, 0, 0, 320, 0, 'SCE-464');
INSERT INTO `cat_claves` (`id_claves`, `concepto`, `mts_1`, `mts_2`, `mts_3`, `mts_4`, `pata_1`, `pata_2`, `herraje_1`, `herraje_2`, `ebanisteria_1`, `ebanisteria_2`, `ebanisteria_3`, `maquinas`, `pegado_hule`, `armado`, `blanco`, `costura`, `tapiceria`, `total`, `mano_de_obra`, `porcentaje`, `imagen`) VALUES (246, 'SCE-471', 4.99, 0.63, 0, 0, 4, 0, 0, 0, 0, 0, 0, 0, 0, 0, 0, 0, 0, 0, 350, 0, 'SCE-471');
INSERT INTO `cat_claves` (`id_claves`, `concepto`, `mts_1`, `mts_2`, `mts_3`, `mts_4`, `pata_1`, `pata_2`, `herraje_1`, `herraje_2`, `ebanisteria_1`, `ebanisteria_2`, `ebanisteria_3`, `maquinas`, `pegado_hule`, `armado`, `blanco`, `costura`, `tapiceria`, `total`, `mano_de_obra`, `porcentaje`, `imagen`) VALUES (247, 'SCE-482', 5.6, 0, 0, 0, 4, 0, 0, 0, 0, 0, 0, 0, 0, 0, 0, 0, 0, 0, 350, 0, 'SCE-482');
INSERT INTO `cat_claves` (`id_claves`, `concepto`, `mts_1`, `mts_2`, `mts_3`, `mts_4`, `pata_1`, `pata_2`, `herraje_1`, `herraje_2`, `ebanisteria_1`, `ebanisteria_2`, `ebanisteria_3`, `maquinas`, `pegado_hule`, `armado`, `blanco`, `costura`, `tapiceria`, `total`, `mano_de_obra`, `porcentaje`, `imagen`) VALUES (248, 'SCE-497', 4.83, 0, 0, 0, 4, 0, 0, 0, 0, 0, 0, 0, 0, 0, 0, 0, 0, 0, 390, 0, 'SCE-497');
INSERT INTO `cat_claves` (`id_claves`, `concepto`, `mts_1`, `mts_2`, `mts_3`, `mts_4`, `pata_1`, `pata_2`, `herraje_1`, `herraje_2`, `ebanisteria_1`, `ebanisteria_2`, `ebanisteria_3`, `maquinas`, `pegado_hule`, `armado`, `blanco`, `costura`, `tapiceria`, `total`, `mano_de_obra`, `porcentaje`, `imagen`) VALUES (249, 'SCE-525', 5.34, 0.63, 0, 0, 4, 0, 0, 0, 0, 0, 0, 0, 0, 0, 0, 0, 0, 0, 460, 0, 'SCE-525');
INSERT INTO `cat_claves` (`id_claves`, `concepto`, `mts_1`, `mts_2`, `mts_3`, `mts_4`, `pata_1`, `pata_2`, `herraje_1`, `herraje_2`, `ebanisteria_1`, `ebanisteria_2`, `ebanisteria_3`, `maquinas`, `pegado_hule`, `armado`, `blanco`, `costura`, `tapiceria`, `total`, `mano_de_obra`, `porcentaje`, `imagen`) VALUES (250, 'SCE-538', 4.66, 0, 0, 0, 4, 0, 0, 0, 0, 0, 0, 0, 0, 0, 0, 0, 0, 0, 340, 0, 'SCE-538');
INSERT INTO `cat_claves` (`id_claves`, `concepto`, `mts_1`, `mts_2`, `mts_3`, `mts_4`, `pata_1`, `pata_2`, `herraje_1`, `herraje_2`, `ebanisteria_1`, `ebanisteria_2`, `ebanisteria_3`, `maquinas`, `pegado_hule`, `armado`, `blanco`, `costura`, `tapiceria`, `total`, `mano_de_obra`, `porcentaje`, `imagen`) VALUES (251, 'SCE-539', 4.76, 0, 0, 0, 2, 2, 0, 0, 1, 0, 0, 0, 0, 0, 0, 0, 0, 0, 340, 0, 'SCE-539');
INSERT INTO `cat_claves` (`id_claves`, `concepto`, `mts_1`, `mts_2`, `mts_3`, `mts_4`, `pata_1`, `pata_2`, `herraje_1`, `herraje_2`, `ebanisteria_1`, `ebanisteria_2`, `ebanisteria_3`, `maquinas`, `pegado_hule`, `armado`, `blanco`, `costura`, `tapiceria`, `total`, `mano_de_obra`, `porcentaje`, `imagen`) VALUES (252, 'SCE-540', 8.14, 0, 0, 0, 4, 0, 0, 0, 1, 0, 0, 0, 0, 0, 0, 0, 0, 0, 360, 0, 'SCE-540');
INSERT INTO `cat_claves` (`id_claves`, `concepto`, `mts_1`, `mts_2`, `mts_3`, `mts_4`, `pata_1`, `pata_2`, `herraje_1`, `herraje_2`, `ebanisteria_1`, `ebanisteria_2`, `ebanisteria_3`, `maquinas`, `pegado_hule`, `armado`, `blanco`, `costura`, `tapiceria`, `total`, `mano_de_obra`, `porcentaje`, `imagen`) VALUES (253, 'SCE-555', 6.04, 0.6, 0, 0, 4, 0, 0, 0, 0, 0, 0, 0, 0, 0, 0, 0, 0, 0, 420, 0, 'SCE-555');
INSERT INTO `cat_claves` (`id_claves`, `concepto`, `mts_1`, `mts_2`, `mts_3`, `mts_4`, `pata_1`, `pata_2`, `herraje_1`, `herraje_2`, `ebanisteria_1`, `ebanisteria_2`, `ebanisteria_3`, `maquinas`, `pegado_hule`, `armado`, `blanco`, `costura`, `tapiceria`, `total`, `mano_de_obra`, `porcentaje`, `imagen`) VALUES (254, 'SRBE-185', 5.78, 0, 0, 0, 0, 0, 1, 0, 0, 0, 0, 0, 0, 0, 0, 0, 0, 0, 420, 0, 'SRBE-185');
INSERT INTO `cat_claves` (`id_claves`, `concepto`, `mts_1`, `mts_2`, `mts_3`, `mts_4`, `pata_1`, `pata_2`, `herraje_1`, `herraje_2`, `ebanisteria_1`, `ebanisteria_2`, `ebanisteria_3`, `maquinas`, `pegado_hule`, `armado`, `blanco`, `costura`, `tapiceria`, `total`, `mano_de_obra`, `porcentaje`, `imagen`) VALUES (255, 'SEE-80', 11.09, 1.4, 0, 0, 8, 0, 0, 0, 0, 0, 0, 0, 0, 0, 0, 0, 0, 0, 770, 0, 'SEE-80');
INSERT INTO `cat_claves` (`id_claves`, `concepto`, `mts_1`, `mts_2`, `mts_3`, `mts_4`, `pata_1`, `pata_2`, `herraje_1`, `herraje_2`, `ebanisteria_1`, `ebanisteria_2`, `ebanisteria_3`, `maquinas`, `pegado_hule`, `armado`, `blanco`, `costura`, `tapiceria`, `total`, `mano_de_obra`, `porcentaje`, `imagen`) VALUES (256, 'SCE-586.4', 6.6, 0, 0, 0, 4, 0, 0, 0, 0, 0, 0, 0, 0, 0, 0, 0, 0, 0, 360, 0, 'SCE-586.4');
INSERT INTO `cat_claves` (`id_claves`, `concepto`, `mts_1`, `mts_2`, `mts_3`, `mts_4`, `pata_1`, `pata_2`, `herraje_1`, `herraje_2`, `ebanisteria_1`, `ebanisteria_2`, `ebanisteria_3`, `maquinas`, `pegado_hule`, `armado`, `blanco`, `costura`, `tapiceria`, `total`, `mano_de_obra`, `porcentaje`, `imagen`) VALUES (257, 'SRE-194', 4.46, 0, 0, 0, 4, 0, 0, 0, 0, 0, 0, 0, 0, 0, 0, 0, 0, 0, 275, 0, 'SRE-194');
INSERT INTO `cat_claves` (`id_claves`, `concepto`, `mts_1`, `mts_2`, `mts_3`, `mts_4`, `pata_1`, `pata_2`, `herraje_1`, `herraje_2`, `ebanisteria_1`, `ebanisteria_2`, `ebanisteria_3`, `maquinas`, `pegado_hule`, `armado`, `blanco`, `costura`, `tapiceria`, `total`, `mano_de_obra`, `porcentaje`, `imagen`) VALUES (258, 'SRE-159', 4.79, 0, 0, 0, 4, 0, 0, 0, 0, 0, 0, 0, 0, 0, 0, 0, 0, 0, 290, 0, 'SRE-159');
INSERT INTO `cat_claves` (`id_claves`, `concepto`, `mts_1`, `mts_2`, `mts_3`, `mts_4`, `pata_1`, `pata_2`, `herraje_1`, `herraje_2`, `ebanisteria_1`, `ebanisteria_2`, `ebanisteria_3`, `maquinas`, `pegado_hule`, `armado`, `blanco`, `costura`, `tapiceria`, `total`, `mano_de_obra`, `porcentaje`, `imagen`) VALUES (259, 'SRE-179', 3.97, 0, 0, 0, 4, 0, 0, 0, 0, 0, 0, 0, 0, 0, 0, 0, 0, 0, 290, 0, 'SRE-179');
INSERT INTO `cat_claves` (`id_claves`, `concepto`, `mts_1`, `mts_2`, `mts_3`, `mts_4`, `pata_1`, `pata_2`, `herraje_1`, `herraje_2`, `ebanisteria_1`, `ebanisteria_2`, `ebanisteria_3`, `maquinas`, `pegado_hule`, `armado`, `blanco`, `costura`, `tapiceria`, `total`, `mano_de_obra`, `porcentaje`, `imagen`) VALUES (260, 'SEE-42', 11.37, 1.26, 0, 0, 8, 0, 0, 0, 0, 0, 0, 0, 0, 0, 0, 0, 0, 0, 730, 0, 'SEE-42');
INSERT INTO `cat_claves` (`id_claves`, `concepto`, `mts_1`, `mts_2`, `mts_3`, `mts_4`, `pata_1`, `pata_2`, `herraje_1`, `herraje_2`, `ebanisteria_1`, `ebanisteria_2`, `ebanisteria_3`, `maquinas`, `pegado_hule`, `armado`, `blanco`, `costura`, `tapiceria`, `total`, `mano_de_obra`, `porcentaje`, `imagen`) VALUES (261, 'SCE-457', 4.96, 0, 0, 0, 4, 0, 0, 0, 0, 0, 0, 0, 0, 0, 0, 0, 0, 0, 400, 0, 'SCE-457');
INSERT INTO `cat_claves` (`id_claves`, `concepto`, `mts_1`, `mts_2`, `mts_3`, `mts_4`, `pata_1`, `pata_2`, `herraje_1`, `herraje_2`, `ebanisteria_1`, `ebanisteria_2`, `ebanisteria_3`, `maquinas`, `pegado_hule`, `armado`, `blanco`, `costura`, `tapiceria`, `total`, `mano_de_obra`, `porcentaje`, `imagen`) VALUES (262, 'SEE-56', 8.7, 0.63, 0, 0, 0, 0, 0, 0, 0, 0, 0, 0, 0, 0, 0, 0, 0, 0, 690, 0, 'SEE-56');
INSERT INTO `cat_claves` (`id_claves`, `concepto`, `mts_1`, `mts_2`, `mts_3`, `mts_4`, `pata_1`, `pata_2`, `herraje_1`, `herraje_2`, `ebanisteria_1`, `ebanisteria_2`, `ebanisteria_3`, `maquinas`, `pegado_hule`, `armado`, `blanco`, `costura`, `tapiceria`, `total`, `mano_de_obra`, `porcentaje`, `imagen`) VALUES (263, 'SCE-112.5', 1.47, 3.45, 0.63, 0, 4, 0, 0, 0, 0, 0, 0, 0, 0, 0, 0, 0, 0, 0, 310, 0, 'SCE-112.5');
INSERT INTO `cat_claves` (`id_claves`, `concepto`, `mts_1`, `mts_2`, `mts_3`, `mts_4`, `pata_1`, `pata_2`, `herraje_1`, `herraje_2`, `ebanisteria_1`, `ebanisteria_2`, `ebanisteria_3`, `maquinas`, `pegado_hule`, `armado`, `blanco`, `costura`, `tapiceria`, `total`, `mano_de_obra`, `porcentaje`, `imagen`) VALUES (264, 'SC-06.8', 5.39, 0.63, 0, 0, 4, 0, 0, 0, 0, 0, 0, 0, 0, 0, 0, 0, 0, 0, 340, 0, 'SC-06.8');
INSERT INTO `cat_claves` (`id_claves`, `concepto`, `mts_1`, `mts_2`, `mts_3`, `mts_4`, `pata_1`, `pata_2`, `herraje_1`, `herraje_2`, `ebanisteria_1`, `ebanisteria_2`, `ebanisteria_3`, `maquinas`, `pegado_hule`, `armado`, `blanco`, `costura`, `tapiceria`, `total`, `mano_de_obra`, `porcentaje`, `imagen`) VALUES (265, 'MU-617', 9.5, 0, 0, 0, 8, 0, 0, 0, 0, 0, 0, 0, 0, 0, 0, 0, 0, 0, 420, 0, 'MU-617');
INSERT INTO `cat_claves` (`id_claves`, `concepto`, `mts_1`, `mts_2`, `mts_3`, `mts_4`, `pata_1`, `pata_2`, `herraje_1`, `herraje_2`, `ebanisteria_1`, `ebanisteria_2`, `ebanisteria_3`, `maquinas`, `pegado_hule`, `armado`, `blanco`, `costura`, `tapiceria`, `total`, `mano_de_obra`, `porcentaje`, `imagen`) VALUES (266, 'MU-618', 11.2, 0, 0, 0, 8, 0, 0, 0, 0, 0, 0, 0, 0, 0, 0, 0, 0, 0, 630, 0, 'MU-618');
INSERT INTO `cat_claves` (`id_claves`, `concepto`, `mts_1`, `mts_2`, `mts_3`, `mts_4`, `pata_1`, `pata_2`, `herraje_1`, `herraje_2`, `ebanisteria_1`, `ebanisteria_2`, `ebanisteria_3`, `maquinas`, `pegado_hule`, `armado`, `blanco`, `costura`, `tapiceria`, `total`, `mano_de_obra`, `porcentaje`, `imagen`) VALUES (267, 'SEE-81', 7.14, 0, 0, 0, 8, 0, 0, 0, 0, 0, 0, 0, 0, 0, 0, 0, 0, 0, 585, 0, 'SEE-81');
INSERT INTO `cat_claves` (`id_claves`, `concepto`, `mts_1`, `mts_2`, `mts_3`, `mts_4`, `pata_1`, `pata_2`, `herraje_1`, `herraje_2`, `ebanisteria_1`, `ebanisteria_2`, `ebanisteria_3`, `maquinas`, `pegado_hule`, `armado`, `blanco`, `costura`, `tapiceria`, `total`, `mano_de_obra`, `porcentaje`, `imagen`) VALUES (268, 'SC-612', 9.14, 0.63, 0, 0, 4, 1, 0, 0, 0, 0, 0, 0, 0, 0, 0, 0, 0, 0, 485, 0, 'SC-612');
INSERT INTO `cat_claves` (`id_claves`, `concepto`, `mts_1`, `mts_2`, `mts_3`, `mts_4`, `pata_1`, `pata_2`, `herraje_1`, `herraje_2`, `ebanisteria_1`, `ebanisteria_2`, `ebanisteria_3`, `maquinas`, `pegado_hule`, `armado`, `blanco`, `costura`, `tapiceria`, `total`, `mano_de_obra`, `porcentaje`, `imagen`) VALUES (269, 'SRE-197', 8.1, 0, 0, 0, 6, 0, 0, 0, 0, 0, 0, 0, 0, 0, 0, 0, 0, 0, 630, 0, 'SRE-197');
INSERT INTO `cat_claves` (`id_claves`, `concepto`, `mts_1`, `mts_2`, `mts_3`, `mts_4`, `pata_1`, `pata_2`, `herraje_1`, `herraje_2`, `ebanisteria_1`, `ebanisteria_2`, `ebanisteria_3`, `maquinas`, `pegado_hule`, `armado`, `blanco`, `costura`, `tapiceria`, `total`, `mano_de_obra`, `porcentaje`, `imagen`) VALUES (270, 'SEE-57.9', 11.2, 1.26, 0, 0, 8, 0, 0, 0, 0, 0, 0, 0, 0, 0, 0, 0, 0, 0, 870, 0, 'SEE-57.9');
INSERT INTO `cat_claves` (`id_claves`, `concepto`, `mts_1`, `mts_2`, `mts_3`, `mts_4`, `pata_1`, `pata_2`, `herraje_1`, `herraje_2`, `ebanisteria_1`, `ebanisteria_2`, `ebanisteria_3`, `maquinas`, `pegado_hule`, `armado`, `blanco`, `costura`, `tapiceria`, `total`, `mano_de_obra`, `porcentaje`, `imagen`) VALUES (271, 'SEE-99', 7.5, 0, 0, 0, 8, 0, 0, 0, 0, 0, 0, 0, 0, 0, 0, 0, 0, 0, 530, 0, 'SEE-99');
INSERT INTO `cat_claves` (`id_claves`, `concepto`, `mts_1`, `mts_2`, `mts_3`, `mts_4`, `pata_1`, `pata_2`, `herraje_1`, `herraje_2`, `ebanisteria_1`, `ebanisteria_2`, `ebanisteria_3`, `maquinas`, `pegado_hule`, `armado`, `blanco`, `costura`, `tapiceria`, `total`, `mano_de_obra`, `porcentaje`, `imagen`) VALUES (272, 'SIP-44', 1.56, 0, 0, 0, 0, 0, 0, 0, 0, 0, 0, 0, 0, 0, 0, 0, 0, 0, 195, 0, 'SIP-44');
INSERT INTO `cat_claves` (`id_claves`, `concepto`, `mts_1`, `mts_2`, `mts_3`, `mts_4`, `pata_1`, `pata_2`, `herraje_1`, `herraje_2`, `ebanisteria_1`, `ebanisteria_2`, `ebanisteria_3`, `maquinas`, `pegado_hule`, `armado`, `blanco`, `costura`, `tapiceria`, `total`, `mano_de_obra`, `porcentaje`, `imagen`) VALUES (273, 'SCE-608-V20', 2.9, 0, 0, 0, 4, 0, 0, 0, 0, 0, 0, 0, 0, 0, 0, 0, 0, 0, 328, 0, 'SCE-608-V20');
INSERT INTO `cat_claves` (`id_claves`, `concepto`, `mts_1`, `mts_2`, `mts_3`, `mts_4`, `pata_1`, `pata_2`, `herraje_1`, `herraje_2`, `ebanisteria_1`, `ebanisteria_2`, `ebanisteria_3`, `maquinas`, `pegado_hule`, `armado`, `blanco`, `costura`, `tapiceria`, `total`, `mano_de_obra`, `porcentaje`, `imagen`) VALUES (274, 'SCE-608-V17', 2.9, 0, 0, 0, 4, 0, 0, 0, 0, 0, 0, 0, 0, 0, 0, 0, 0, 0, 328, 0, 'SCE-608-V17');
INSERT INTO `cat_claves` (`id_claves`, `concepto`, `mts_1`, `mts_2`, `mts_3`, `mts_4`, `pata_1`, `pata_2`, `herraje_1`, `herraje_2`, `ebanisteria_1`, `ebanisteria_2`, `ebanisteria_3`, `maquinas`, `pegado_hule`, `armado`, `blanco`, `costura`, `tapiceria`, `total`, `mano_de_obra`, `porcentaje`, `imagen`) VALUES (275, 'MU-617-V20', 9.5, 0, 0, 0, 8, 0, 0, 0, 0, 0, 0, 0, 0, 0, 0, 0, 0, 0, 535, 0, 'MU-617-V20');
INSERT INTO `cat_claves` (`id_claves`, `concepto`, `mts_1`, `mts_2`, `mts_3`, `mts_4`, `pata_1`, `pata_2`, `herraje_1`, `herraje_2`, `ebanisteria_1`, `ebanisteria_2`, `ebanisteria_3`, `maquinas`, `pegado_hule`, `armado`, `blanco`, `costura`, `tapiceria`, `total`, `mano_de_obra`, `porcentaje`, `imagen`) VALUES (276, 'MU-617-V17', 9.5, 0, 0, 0, 8, 0, 0, 0, 0, 0, 0, 0, 0, 0, 0, 0, 0, 0, 535, 0, 'MU-617-V17');
INSERT INTO `cat_claves` (`id_claves`, `concepto`, `mts_1`, `mts_2`, `mts_3`, `mts_4`, `pata_1`, `pata_2`, `herraje_1`, `herraje_2`, `ebanisteria_1`, `ebanisteria_2`, `ebanisteria_3`, `maquinas`, `pegado_hule`, `armado`, `blanco`, `costura`, `tapiceria`, `total`, `mano_de_obra`, `porcentaje`, `imagen`) VALUES (277, 'MU-615', 4.5, 0, 0, 0, 4, 0, 0, 0, 0, 0, 0, 0, 0, 0, 0, 0, 0, 0, 345, 0, 'MU-615');
INSERT INTO `cat_claves` (`id_claves`, `concepto`, `mts_1`, `mts_2`, `mts_3`, `mts_4`, `pata_1`, `pata_2`, `herraje_1`, `herraje_2`, `ebanisteria_1`, `ebanisteria_2`, `ebanisteria_3`, `maquinas`, `pegado_hule`, `armado`, `blanco`, `costura`, `tapiceria`, `total`, `mano_de_obra`, `porcentaje`, `imagen`) VALUES (278, 'MU-618-V17', 11.2, 0, 0, 0, 8, 0, 0, 0, 0, 0, 0, 0, 0, 0, 0, 0, 0, 0, 665, 0, 'MU-618-V17');
INSERT INTO `cat_claves` (`id_claves`, `concepto`, `mts_1`, `mts_2`, `mts_3`, `mts_4`, `pata_1`, `pata_2`, `herraje_1`, `herraje_2`, `ebanisteria_1`, `ebanisteria_2`, `ebanisteria_3`, `maquinas`, `pegado_hule`, `armado`, `blanco`, `costura`, `tapiceria`, `total`, `mano_de_obra`, `porcentaje`, `imagen`) VALUES (279, 'MU-618-V20', 11.2, 0, 0, 0, 8, 0, 0, 0, 0, 0, 0, 0, 0, 0, 0, 0, 0, 0, 665, 0, 'MU-618-V20');
INSERT INTO `cat_claves` (`id_claves`, `concepto`, `mts_1`, `mts_2`, `mts_3`, `mts_4`, `pata_1`, `pata_2`, `herraje_1`, `herraje_2`, `ebanisteria_1`, `ebanisteria_2`, `ebanisteria_3`, `maquinas`, `pegado_hule`, `armado`, `blanco`, `costura`, `tapiceria`, `total`, `mano_de_obra`, `porcentaje`, `imagen`) VALUES (280, 'SCE-457.5', 1, 0, 0, 0, 0, 0, 0, 0, 0, 0, 0, 0, 0, 0, 0, 0, 0, 0, 355, 0, 'SCE-457.5');
INSERT INTO `cat_claves` (`id_claves`, `concepto`, `mts_1`, `mts_2`, `mts_3`, `mts_4`, `pata_1`, `pata_2`, `herraje_1`, `herraje_2`, `ebanisteria_1`, `ebanisteria_2`, `ebanisteria_3`, `maquinas`, `pegado_hule`, `armado`, `blanco`, `costura`, `tapiceria`, `total`, `mano_de_obra`, `porcentaje`, `imagen`) VALUES (281, 'MU-622', 7.61, 0, 0, 0, 4, 0, 0, 0, 0, 0, 0, 0, 0, 0, 0, 0, 0, 0, 505, 0, 'MU-622');
INSERT INTO `cat_claves` (`id_claves`, `concepto`, `mts_1`, `mts_2`, `mts_3`, `mts_4`, `pata_1`, `pata_2`, `herraje_1`, `herraje_2`, `ebanisteria_1`, `ebanisteria_2`, `ebanisteria_3`, `maquinas`, `pegado_hule`, `armado`, `blanco`, `costura`, `tapiceria`, `total`, `mano_de_obra`, `porcentaje`, `imagen`) VALUES (282, 'SCE-617', 2.92, 0, 0, 0, 4, 0, 0, 0, 0, 0, 0, 0, 0, 0, 0, 0, 0, 0, 220, 0, 'SCE-617');
INSERT INTO `cat_claves` (`id_claves`, `concepto`, `mts_1`, `mts_2`, `mts_3`, `mts_4`, `pata_1`, `pata_2`, `herraje_1`, `herraje_2`, `ebanisteria_1`, `ebanisteria_2`, `ebanisteria_3`, `maquinas`, `pegado_hule`, `armado`, `blanco`, `costura`, `tapiceria`, `total`, `mano_de_obra`, `porcentaje`, `imagen`) VALUES (283, 'SCE-618', 7.61, 0, 0, 0, 4, 0, 0, 0, 0, 0, 0, 0, 0, 0, 0, 0, 0, 0, 505, 0, 'SCE-618');
INSERT INTO `cat_claves` (`id_claves`, `concepto`, `mts_1`, `mts_2`, `mts_3`, `mts_4`, `pata_1`, `pata_2`, `herraje_1`, `herraje_2`, `ebanisteria_1`, `ebanisteria_2`, `ebanisteria_3`, `maquinas`, `pegado_hule`, `armado`, `blanco`, `costura`, `tapiceria`, `total`, `mano_de_obra`, `porcentaje`, `imagen`) VALUES (284, 'SCE-619', 3.93, 0, 0, 0, 4, 0, 0, 0, 0, 0, 0, 0, 0, 0, 0, 0, 0, 0, 245, 0, 'SCE-619');
INSERT INTO `cat_claves` (`id_claves`, `concepto`, `mts_1`, `mts_2`, `mts_3`, `mts_4`, `pata_1`, `pata_2`, `herraje_1`, `herraje_2`, `ebanisteria_1`, `ebanisteria_2`, `ebanisteria_3`, `maquinas`, `pegado_hule`, `armado`, `blanco`, `costura`, `tapiceria`, `total`, `mano_de_obra`, `porcentaje`, `imagen`) VALUES (285, 'SCE-620', 3.7, 0, 0, 0, 4, 0, 0, 0, 0, 0, 0, 0, 0, 0, 0, 0, 0, 0, 245, 0, 'SCE-620');
INSERT INTO `cat_claves` (`id_claves`, `concepto`, `mts_1`, `mts_2`, `mts_3`, `mts_4`, `pata_1`, `pata_2`, `herraje_1`, `herraje_2`, `ebanisteria_1`, `ebanisteria_2`, `ebanisteria_3`, `maquinas`, `pegado_hule`, `armado`, `blanco`, `costura`, `tapiceria`, `total`, `mano_de_obra`, `porcentaje`, `imagen`) VALUES (286, 'SCE-623', 6.6, 0, 0, 0, 4, 0, 0, 0, 0, 0, 0, 0, 0, 0, 0, 0, 0, 0, 490, 0, 'SCE-623');
INSERT INTO `cat_claves` (`id_claves`, `concepto`, `mts_1`, `mts_2`, `mts_3`, `mts_4`, `pata_1`, `pata_2`, `herraje_1`, `herraje_2`, `ebanisteria_1`, `ebanisteria_2`, `ebanisteria_3`, `maquinas`, `pegado_hule`, `armado`, `blanco`, `costura`, `tapiceria`, `total`, `mano_de_obra`, `porcentaje`, `imagen`) VALUES (287, 'SEE-101', 11.2, 0, 0, 0, 8, 0, 0, 0, 0, 0, 0, 0, 0, 0, 0, 0, 0, 0, 630, 0, 'SEE-101');
INSERT INTO `cat_claves` (`id_claves`, `concepto`, `mts_1`, `mts_2`, `mts_3`, `mts_4`, `pata_1`, `pata_2`, `herraje_1`, `herraje_2`, `ebanisteria_1`, `ebanisteria_2`, `ebanisteria_3`, `maquinas`, `pegado_hule`, `armado`, `blanco`, `costura`, `tapiceria`, `total`, `mano_de_obra`, `porcentaje`, `imagen`) VALUES (288, 'SEE-102', 8.55, 0, 0, 0, 8, 0, 0, 0, 0, 0, 0, 0, 0, 0, 0, 0, 0, 0, 420, 0, 'SEE-102');
INSERT INTO `cat_claves` (`id_claves`, `concepto`, `mts_1`, `mts_2`, `mts_3`, `mts_4`, `pata_1`, `pata_2`, `herraje_1`, `herraje_2`, `ebanisteria_1`, `ebanisteria_2`, `ebanisteria_3`, `maquinas`, `pegado_hule`, `armado`, `blanco`, `costura`, `tapiceria`, `total`, `mano_de_obra`, `porcentaje`, `imagen`) VALUES (289, 'SCE-621', 4.53, 0, 0, 0, 4, 0, 0, 0, 0, 0, 0, 0, 0, 0, 0, 0, 0, 0, 275, 0, 'SCE-621');
INSERT INTO `cat_claves` (`id_claves`, `concepto`, `mts_1`, `mts_2`, `mts_3`, `mts_4`, `pata_1`, `pata_2`, `herraje_1`, `herraje_2`, `ebanisteria_1`, `ebanisteria_2`, `ebanisteria_3`, `maquinas`, `pegado_hule`, `armado`, `blanco`, `costura`, `tapiceria`, `total`, `mano_de_obra`, `porcentaje`, `imagen`) VALUES (290, 'SCE-622', 3.94, 0, 0, 0, 4, 0, 0, 0, 0, 0, 0, 0, 0, 0, 0, 0, 0, 0, 275, 0, 'SCE-622');
INSERT INTO `cat_claves` (`id_claves`, `concepto`, `mts_1`, `mts_2`, `mts_3`, `mts_4`, `pata_1`, `pata_2`, `herraje_1`, `herraje_2`, `ebanisteria_1`, `ebanisteria_2`, `ebanisteria_3`, `maquinas`, `pegado_hule`, `armado`, `blanco`, `costura`, `tapiceria`, `total`, `mano_de_obra`, `porcentaje`, `imagen`) VALUES (291, 'SRB-260', 4.5, 0, 0, 0, 0, 0, 1, 0, 0, 0, 0, 0, 0, 0, 0, 0, 0, 0, 345, 0, 'SRB-260');
INSERT INTO `cat_claves` (`id_claves`, `concepto`, `mts_1`, `mts_2`, `mts_3`, `mts_4`, `pata_1`, `pata_2`, `herraje_1`, `herraje_2`, `ebanisteria_1`, `ebanisteria_2`, `ebanisteria_3`, `maquinas`, `pegado_hule`, `armado`, `blanco`, `costura`, `tapiceria`, `total`, `mano_de_obra`, `porcentaje`, `imagen`) VALUES (292, 'SRBX-261', 4.5, 0, 0, 0, 0, 0, 1, 0, 0, 0, 0, 0, 0, 0, 0, 0, 0, 0, 345, 0, 'SRBX-261');
INSERT INTO `cat_claves` (`id_claves`, `concepto`, `mts_1`, `mts_2`, `mts_3`, `mts_4`, `pata_1`, `pata_2`, `herraje_1`, `herraje_2`, `ebanisteria_1`, `ebanisteria_2`, `ebanisteria_3`, `maquinas`, `pegado_hule`, `armado`, `blanco`, `costura`, `tapiceria`, `total`, `mano_de_obra`, `porcentaje`, `imagen`) VALUES (293, 'SR-262', 4.5, 0, 0, 0, 4, 0, 0, 0, 0, 0, 0, 0, 0, 0, 0, 0, 0, 0, 275, 0, 'SR-262');
INSERT INTO `cat_claves` (`id_claves`, `concepto`, `mts_1`, `mts_2`, `mts_3`, `mts_4`, `pata_1`, `pata_2`, `herraje_1`, `herraje_2`, `ebanisteria_1`, `ebanisteria_2`, `ebanisteria_3`, `maquinas`, `pegado_hule`, `armado`, `blanco`, `costura`, `tapiceria`, `total`, `mano_de_obra`, `porcentaje`, `imagen`) VALUES (294, 'SEE-103.9', 13.18, 0, 0, 0, 10, 0, 0, 0, 0, 0, 0, 0, 0, 0, 0, 0, 0, 0, 930, 0, 'SEE-103.9');
INSERT INTO `cat_claves` (`id_claves`, `concepto`, `mts_1`, `mts_2`, `mts_3`, `mts_4`, `pata_1`, `pata_2`, `herraje_1`, `herraje_2`, `ebanisteria_1`, `ebanisteria_2`, `ebanisteria_3`, `maquinas`, `pegado_hule`, `armado`, `blanco`, `costura`, `tapiceria`, `total`, `mano_de_obra`, `porcentaje`, `imagen`) VALUES (295, 'SEE-104.9', 13.18, 0, 0, 0, 8, 0, 0, 0, 0, 0, 0, 0, 0, 0, 0, 0, 0, 0, 850, 0, 'SEE-104.9');
INSERT INTO `cat_claves` (`id_claves`, `concepto`, `mts_1`, `mts_2`, `mts_3`, `mts_4`, `pata_1`, `pata_2`, `herraje_1`, `herraje_2`, `ebanisteria_1`, `ebanisteria_2`, `ebanisteria_3`, `maquinas`, `pegado_hule`, `armado`, `blanco`, `costura`, `tapiceria`, `total`, `mano_de_obra`, `porcentaje`, `imagen`) VALUES (296, 'SC-624.9', 7.45, 0, 0, 0, 8, 0, 0, 0, 0, 0, 0, 0, 0, 0, 0, 0, 0, 0, 450, 0, 'SC-624.9');
INSERT INTO `cat_claves` (`id_claves`, `concepto`, `mts_1`, `mts_2`, `mts_3`, `mts_4`, `pata_1`, `pata_2`, `herraje_1`, `herraje_2`, `ebanisteria_1`, `ebanisteria_2`, `ebanisteria_3`, `maquinas`, `pegado_hule`, `armado`, `blanco`, `costura`, `tapiceria`, `total`, `mano_de_obra`, `porcentaje`, `imagen`) VALUES (297, 'SCE-619.5.9', 5.06, 0, 0, 0, 4, 0, 0, 0, 0, 0, 0, 0, 0, 0, 0, 0, 0, 0, 245, 0, 'SCE-619.5.9');
INSERT INTO `cat_claves` (`id_claves`, `concepto`, `mts_1`, `mts_2`, `mts_3`, `mts_4`, `pata_1`, `pata_2`, `herraje_1`, `herraje_2`, `ebanisteria_1`, `ebanisteria_2`, `ebanisteria_3`, `maquinas`, `pegado_hule`, `armado`, `blanco`, `costura`, `tapiceria`, `total`, `mano_de_obra`, `porcentaje`, `imagen`) VALUES (298, 'SCE-619.5', 5.06, 0, 0, 0, 4, 0, 0, 0, 0, 0, 0, 0, 0, 0, 0, 0, 0, 0, 245, 0, 'SCE-619.5');
INSERT INTO `cat_claves` (`id_claves`, `concepto`, `mts_1`, `mts_2`, `mts_3`, `mts_4`, `pata_1`, `pata_2`, `herraje_1`, `herraje_2`, `ebanisteria_1`, `ebanisteria_2`, `ebanisteria_3`, `maquinas`, `pegado_hule`, `armado`, `blanco`, `costura`, `tapiceria`, `total`, `mano_de_obra`, `porcentaje`, `imagen`) VALUES (299, 'SCE-620.5', 4.84, 0, 0, 0, 4, 0, 0, 0, 0, 0, 0, 0, 0, 0, 0, 0, 0, 0, 245, 0, 'SCE-620.5');
INSERT INTO `cat_claves` (`id_claves`, `concepto`, `mts_1`, `mts_2`, `mts_3`, `mts_4`, `pata_1`, `pata_2`, `herraje_1`, `herraje_2`, `ebanisteria_1`, `ebanisteria_2`, `ebanisteria_3`, `maquinas`, `pegado_hule`, `armado`, `blanco`, `costura`, `tapiceria`, `total`, `mano_de_obra`, `porcentaje`, `imagen`) VALUES (300, 'SRB-260.9', 4, 0, 0, 0, 0, 0, 1, 0, 0, 0, 0, 0, 0, 0, 0, 0, 0, 0, 345, 0, 'SRB-260.9');
INSERT INTO `cat_claves` (`id_claves`, `concepto`, `mts_1`, `mts_2`, `mts_3`, `mts_4`, `pata_1`, `pata_2`, `herraje_1`, `herraje_2`, `ebanisteria_1`, `ebanisteria_2`, `ebanisteria_3`, `maquinas`, `pegado_hule`, `armado`, `blanco`, `costura`, `tapiceria`, `total`, `mano_de_obra`, `porcentaje`, `imagen`) VALUES (301, 'SR-262.9', 4, 0, 0, 0, 4, 0, 0, 0, 0, 0, 0, 0, 0, 0, 0, 0, 0, 0, 275, 0, 'SR-262.9');
INSERT INTO `cat_claves` (`id_claves`, `concepto`, `mts_1`, `mts_2`, `mts_3`, `mts_4`, `pata_1`, `pata_2`, `herraje_1`, `herraje_2`, `ebanisteria_1`, `ebanisteria_2`, `ebanisteria_3`, `maquinas`, `pegado_hule`, `armado`, `blanco`, `costura`, `tapiceria`, `total`, `mano_de_obra`, `porcentaje`, `imagen`) VALUES (302, 'SEE-105', 14.1, 0, 0, 0, 8, 0, 0, 0, 0, 0, 0, 0, 0, 0, 0, 0, 0, 0, 785, 0, 'SEE-105');
INSERT INTO `cat_claves` (`id_claves`, `concepto`, `mts_1`, `mts_2`, `mts_3`, `mts_4`, `pata_1`, `pata_2`, `herraje_1`, `herraje_2`, `ebanisteria_1`, `ebanisteria_2`, `ebanisteria_3`, `maquinas`, `pegado_hule`, `armado`, `blanco`, `costura`, `tapiceria`, `total`, `mano_de_obra`, `porcentaje`, `imagen`) VALUES (303, 'SE-106.9', 13.33, 2.93, 0, 0, 8, 0, 0, 0, 0, 0, 0, 0, 0, 0, 0, 0, 0, 0, 800, 0, 'SE-106.9');

COMMIT;


-- -----------------------------------------------------
-- Data for table `conf_fijos`
-- -----------------------------------------------------
START TRANSACTION;
INSERT INTO `conf_fijos` (`id_fijos`, `concepto`, `valor`, `activo`) VALUES (1, 'Fact Gastos', 2, 1);
INSERT INTO `conf_fijos` (`id_fijos`, `concepto`, `valor`, `activo`) VALUES (2, 'Fact Nomina', 2.6, 1);

COMMIT;


-- -----------------------------------------------------
-- Data for table `conf_margen_global`
-- -----------------------------------------------------
START TRANSACTION;
INSERT INTO `conf_margen_global` (`id_margen_global`, `concepto`, `valor`) VALUES (1, '15%', 85);

COMMIT;
